,link,reference,brand,title,available,pretax_price,regular_price,price,type,user,level,color,user_config,eco_co2,product_type,qualities,sizes,weight,general_rate,nb_ratings,reviews,reviews_count_1_star,reviews_count_2_stars,reviews_count_3_stars,reviews_count_4_stars,reviews_count_5_stars,image_urls
0,https://freeglisse.com/fr/ski-occasion-adulte-freeride-et-freestyle/18916-ski-occasion-rossignol-sender-104-ti-2023-fixations.html,18916,Rossignol,Ski occasion Rossignol Sender 104 Ti 2023  + Fixations,Disponible,279.33,419.0,335.2,Freeride,Mixte,Performant,Gris,Freerideur adulte,3.6,Ski occasion freeride,['Qualit√© A'],"['172 cm', '164 cm', '186 cm', '178 cm']",6.0,5/5,1.0,"[""Hormis le probl√®me de fixations apr√®s avoir pris le soins de les lustr√© pr√©par√© les cares et fartage la notation qualit√© A n'ai pas mis en  d√©faut.""]",0,0,0,0,1,https://freeglisse.com/70892-small_default/ski-occasion-rossignol-sender-104-ti-2023-fixations.jpg
1,https://freeglisse.com/fr/ski-occasion-adulte-freeride-et-freestyle/18915-ski-occasion-rossignol-sender-94-ti-2023-fixations.html,18915,Rossignol,Ski occasion Rossignol Sender 94 Ti 2023  + Fixations,Disponible,239.33,359.0,287.2,Freeride,Mixte,Performant,Noir,Freerideur adulte,3.6,Ski occasion freeride,['Qualit√© A'],"['156 cm', '172 cm', '164 cm']",6.0,4/5,1.0,['good cuality'],0,0,0,1,0,https://freeglisse.com/70897-small_default/ski-occasion-rossignol-sender-94-ti-2023-fixations.jpg
2,https://freeglisse.com/fr/ski-de-fond-occasion-alternatif-norme-sns/18974-ski-de-fond-occasion-rossignol-lts-junior-fixation-sns-profil.html,18974,Rossignol,Ski de fond occasion Rossignol LTS Junior + fixation SNS Profil,Disponible,15.83,,19.0,Alternatif,Junior,Loisir,Violet,,3.6,Ski de fond occasion alternatif norme SNS,['Qualit√© C'],"['150 cm', '170 cm', '160 cm']",4.0,,,[],0,0,0,0,0,
3,https://freeglisse.com/fr/ski-de-fond-occasion-alternatif-norme-sns/15468-ski-de-fond-occasion-toutes-marques-fixation-sns-profil.html,15468,Toutes marques,Ski de fond occasion Toutes marques + fixation SNS Profil,Disponible,12.5,,15.0,Alternatif,Mixte,Loisir,Blanc,,3.6,Ski de fond occasion alternatif norme SNS,['Qualit√© C'],"['150 cm', '170 cm', '140 cm', '160 cm']",4.0,4.8/5,10.0,"[""Je n'ai pas encore pu les tester car pas de chaussure dispo a la vente pour la pointure. Mais les √©cailles semblent encore en bon etat"", 'parfait, conforme √† la description', 'Conforme', 'Superbe etat', 'Bon rapport qualit√©/prix', 'Conforme √† la description, super', 'Pas d√©√ßue bien', 'Super pour le prix, ils ont d√©j√† fait un tour de piste ce WE', ""Produit conforme √† la description. Livraison sous 3 jours. Ma fille peut s'initier avec joie au ski de fond pour un prix tres correct. Parfait !"", 'Conforme']",0,0,0,2,8,https://freeglisse.com/43792-small_default/ski-de-fond-occasion-toutes-marques-fixation-sns-profil.jpg
4,https://freeglisse.com/fr/ski-occasion-femme-loisir/18890-ski-occasion-rossignol-nova-6-fixations.html,18890,Rossignol,Ski occasion Rossignol Nova 6 + fixations,Disponible,140.83,,169.0,Piste,Femme,Loisir,Violet,une femme,3.6,Ski occasion femme loisir,"['Qualit√© A', 'Qualit√© B', 'Qualit√© C']",['149 cm'],6.0,3.2/5,5.0,"['Etat du produit conforme √† mes attentes!', 'Gew√§hlte Quali√§t war C - Oberseite schon einige Abplatzer; Lauffl√§chen und Kanten aber okay. Gutes Preis-Lestungs-Verh√§ltnis', ""Des skis pas chers c'est s√ªr mais quel √©tat pitoyable !! Ok j'ai choisi categorie C et √ßa ne m'emp√™chera pas de skier mais qd-m√™me !! A ce niveau c'est plut√¥t categorie Z !!! Il manque carr√©ment  des morceaux sur le dessus des skis !! Une photo pr√©cise de l'√©tat r√©el de la marchandise devrait √™tre obligatoire.... bref... super d√©√ßue !"", 'Tr√®s bien', 'Pour des skis de 2022 pas en tr√®s bon √©tat et le fartage est tr√®s moyen']",2,0,0,1,2,https://freeglisse.com/70606-small_default/ski-occasion-rossignol-nova-6-fixations.jpg
5,https://freeglisse.com/fr/ski-occasion-junior-pas-cher/18084-ski-occasion-junior-toutes-marques-a-29-fixations.html,18084,Toutes marques,Ski occasion junior toutes marques √† 29 ‚Ç¨ + Fixations,Disponible,24.17,,29.0,Piste,Junior,Loisir,,,3.6,Ski occasion junior pas cher,['Qualit√© B'],"['117 cm', '145 cm', '110 cm', '150 cm', '130 cm', '100 cm', '136 cm', '140 cm', '137 cm', '120 cm', '147 cm', '131 cm']",6.0,4.5/5,2.0,"['skis en bon √©tat, peu utilis√©s, assez rapides', 'Ancien mais ok']",0,0,0,1,1,
6,https://freeglisse.com/fr/ski-occasion-junior-pas-cher/1795-ski-occasion-junior-toutes-marques-a-19-fixations.html,1795_,Toutes marques,Ski occasion junior toutes marques √† 19 ‚Ç¨ + Fixations,Disponible,15.83,,19.0,Piste,Junior,Loisir,,,3.6,Ski occasion junior pas cher,['Qualit√© B'],"['110 cm', '118 cm', '150 cm', '130 cm', '100 cm', '135 cm', '120 cm', '115 cm']",6.0,4.2/5,17.0,"['impeccable', 'Conforme', 'Skis propres avec usure normale', 'Conforme au prix.', 'Bien', 'Skis r√©gl√© pour la chaussure, fartage est d√©j√† fait.', 'Ski moyen', 'Bon mat√©riel !!', ""Agr√©ablement surpris, pour le prix franchement c'est tr√®s correct."", ""Bon produit fatigu√© au niveaux esth√©tique mais on s'en doutais vu que c'c'est du ski de location"", 'Semelles en tr√®s bon √©tat', ""Tr√®s bien c'est compl√©tement adapt√© pour d√©buter et d'un tr√®s bon rapport qualit√© prix . Je recommande.\r\nAntoine"", 'Mauvais √©tat, Tr√®s d√©√ßue', 'Les ski sont impeccables pour ce prix.', 'Tres bien', 'Fartage un peu rapide et ski ab√Æm√© (pr√©cis√© dans la description)', ""Se sont des skis d'occasions donc un peu abim√©s""]",1,0,2,5,9,https://freeglisse.com/3608-small_default/ski-occasion-junior-toutes-marques-a-19-fixations.jpg
7,https://freeglisse.com/fr/ski-de-fond-occasion-alternatif-norme-sns/15483-ski-de-fond-occasion-toutes-marques-fixation-vieux-sns.html,15483,Toutes marques,Ski de fond occasion Toutes marques  + fixation vieux sns,Disponible,7.5,,9.0,Alternatif,Mixte,D√©butant,Blanc,,3.6,Ski de fond occasion alternatif norme SNS,['Qualit√© C'],"['150 cm', '140 cm']",4.0,4.6/5,5.0,"['Etat correct', 'bien', 'Parfait', 'Tbien', 'Le mat√©riel est en tr√®s bon √©tat.']",0,0,0,2,3,https://freeglisse.com/43793-small_default/ski-de-fond-occasion-toutes-marques-fixation-vieux-sns.jpg
8,https://freeglisse.com/fr/ski-de-fond-occasion-alternatif-norme-sns/18999-ski-de-fond-occasion-toutes-marques-fixation-sns-profil.html,18999,Toutes marques,Ski de fond occasion Toutes marques + fixation SNS Profil,Disponible,15.83,,19.0,Alternatif,Mixte,Loisir,Gris,,3.6,Ski de fond occasion alternatif norme SNS,['Qualit√© C'],"['180 cm', '190 cm', '170 cm']",4.0,,,[],0,0,0,0,0,
9,https://freeglisse.com/fr/ski-occasion-junior-loisir/14329-ski-junior-rossignol-star-wars-occasion-fixations.html,14329,Rossignol,Ski junior Rossignol Star Wars occasion + fixations,Disponible,57.5,,69.0,Piste,Junior,D√©butant,Bleu,un junior,3.6,Ski occasion junior loisir,['Qualit√© A'],['110 cm'],6.0,4.4/5,9.0,"['Sehr guter Zustand', 'presques neufs !!', 'Livraison super rapide.\r\nUn peu d√©√ßu de l √©tat du mat√©riel par rapport aux photos du site \r\nJe pensais qu en cat a le mat√©riel serait en meilleur √©tat.\r\nJe n imagine meme pas la cat b ou c...\r\nApr√®s il ne.faut oublier que c est de l occasion', 'Skis correspondant au descriptif', ""Paire de ski command√©e qualit√© A, or l'un des skis √©tait ray√© sur toute la longueur de la semelle (d√ª √† un caillou tr√®s certainement).\r\nMalheureusement, c'√©tait ma 1√®re commande aupr√®s de ce site et ce sera la derni√®re.\r\nJe ne le conseille pas."", 'Super etat', 'Tr√®s bon ski, fixations nickel', 'Bon √©tat...', 'As expected.']",0,1,1,0,7,https://freeglisse.com/37832-small_default/ski-junior-rossignol-star-wars-occasion-fixations.jpg
10,https://freeglisse.com/fr/ski-occasion-femme-pas-cher/16352-ski-occasion-femme-toutes-marques-tous-modeles-a-29-fixations.html,16352,Toutes marques,Ski occasion Femme toutes marques tous mod√®les √† 29‚Ç¨ + fixations,Disponible,24.17,,29.0,Piste,Femme,Loisir,,,3.6,Ski occasion femme pas cher,['Qualit√© C'],"['146 cm', '162 cm', '163 cm', '154 cm', '150 cm', '159 cm', '156 cm', '140 cm', '160 cm', '165 cm', '153 cm', '168 cm', '170 cm', '172 cm', '147 cm']",6.0,4/5,10.0,"['no lo puedo valorar', 'super rapport qualit√© prix pour d√©buter', 'Super achat pour 29‚Ç¨ je m‚Äôattendais √† des skis beaucoup plus anim√©s. Ils sont en bon √©tat. Pour un prix d√©fiant toute concurrence. Avec les frais de ports deux fois moins cher qu‚Äôune semaine de location pour des skis eco sans chaussures.', 'Parfait', ""Pour un √©tat de cat√©gorie A, j'ai re√ßu des skis plut√¥t de cat√©gorie C. Ils ne veulent pas admettre"", 'parfait', 'Super', 'Super dans un √©tat tr√®s correct pour son prix', 'Pas encore utilis√© mais les skis sont en √©tat correct vu le prix', ""29‚Ç¨ LA PAIRE DE SKIS ROSSIGNOL EN B.E PRETS A SKIER AVEC LES CHAUSSURES SALOMON EN T.B.E A 25‚Ç¨ ET DES BATONS A 6‚Ç¨ SOIT MOINS QU' 1 SEMAINE EN LOCATION= SUPER RENTABLE SACHANT QU ON VA TS LES ANS AU SKI!  MERCI A VOUS""]",1,0,1,4,4,https://freeglisse.com/47729-small_default/ski-occasion-femme-toutes-marques-tous-modeles-a-29-fixations.jpg
11,https://freeglisse.com/fr/ski-occasion-adulte-pas-cher/13078-ski-occasion-salomon-tous-modeles-a-29-fixations.html,13078,Salomon,Ski occasion Salomon Tous Mod√®les √† 29‚Ç¨ + fixations,Disponible,24.17,,29.0,Piste,Mixte,Loisir,,,3.6,Ski occasion adulte pas cher,['Qualit√© C'],"['155 cm', '158 cm', '160 cm', '156 cm', '180 cm', '174 cm', '161 cm', '166 cm', '170 cm', '178 cm', '175 cm']",6.0,4.8/5,8.0,"['Surpris par le bon √©tat des skis', 'Parfait', 'parfait', 'Bravo, conforme √† notre attente', 'good', 'Mat√©riel pr√©sentant des d√©fauts esth√©tique mais conforme √† la description. Parfait pour le prix', 'Une belle surprise. Mat√©riel performant et en bon √©tat.', 'bon prix']",0,0,0,2,6,https://freeglisse.com/32207-small_default/ski-occasion-salomon-tous-modeles-a-29-fixations.jpg
12,https://freeglisse.com/fr/ski-occasion-adulte-all-mountain/18284-ski-occasion-dynastar-speed-zone-4x4-78-fixations.html,18284,Dynastar,Ski occasion Dynastar SPEED ZONE 4x4 78 + fixations,Disponible,165.83,,199.0,All mountain,Mixte,D√©butant,Gris,,3.6,Ski occasion adulte all mountain,"['Qualit√© A', 'Qualit√© B']",['171 cm'],6.0,,,[],0,0,0,0,0,https://freeglisse.com/67614-small_default/ski-occasion-dynastar-speed-zone-4x4-78-fixations.jpg
13,https://freeglisse.com/fr/ski-occasion-junior-loisir/14533-ski-occasion-junior-dynastar-team-speed-fixations.html,14533,Dynastar,Ski occasion junior Dynastar Team speed  + Fixations,Disponible,49.17,,59.0,Piste,Junior,Loisir sport,Blanc,un junior,3.6,Ski occasion junior loisir,['Qualit√© A'],['130 cm'],6.0,4.6/5,9.0,"['Conforme √† ce qui est annonc√©', 'Producto conforme a la descripci√≥n y correctamente preparado', '√† tester mais visuellement tr√®s bien', 'Bien', '.super', 'Skis en √©tat tr√®s moyen.', 'Bon √©tat et bien pr√©par√©', 'Conforme', 'Comforme √† la description']",0,0,1,2,6,https://freeglisse.com/35611-small_default/ski-occasion-junior-dynastar-team-speed-fixations.jpg
14,https://freeglisse.com/fr/ski-de-fond-occasion-alternatif-norme-sns/18972-ski-de-fond-occasion-rossignol-progress-fixaxion-sns-profil.html,18972,Rossignol,Ski de fond occasion Rossignol Progress + fixaxion SNS profil,Disponible,15.83,,19.0,Alternatif,Mixte,Loisir,Bleu,,3.6,Ski de fond occasion alternatif norme SNS,['Qualit√© C'],"['150 cm', '140 cm', '130 cm']",4.0,,,[],0,0,0,0,0,
15,https://freeglisse.com/fr/ski-de-fond-occasion-alternatif-norme-nnn/18914-ski-de-fond-occasion-fischer-cruiser-crown-fixation-nnn.html,18914,Fischer,Ski de fond occasion Fischer Cruiser Crown + fixation NNN,Disponible,62.5,,75.0,Alternatif,Mixte,Loisir sport,Noir,,3.6,Ski de fond occasion alternatif norme NNN,"['Qualit√© A', 'Qualit√© B']","['174 cm', '184 cm']",4.0,,,[],0,0,0,0,0,
16,https://freeglisse.com/fr/ski-occasion-adulte-pas-cher/13097-ski-occasion-atomic-tous-modele-a-29-fixations.html,13097,Atomic,Ski occasion Atomic tous mod√®le √† 29‚Ç¨ + fixations,Disponible,24.17,,29.0,Piste,Mixte,Loisir,,,3.6,Ski occasion adulte pas cher,['Qualit√© C'],"['158 cm', '160 cm', '180 cm', '190 cm', '170 cm', '172 cm']",6.0,5/5,1.0,['Tr√®s bon √©tat nous allons les tester le 3 f√©vrier !!!'],0,0,0,0,1,https://freeglisse.com/32170-small_default/ski-occasion-atomic-tous-modele-a-29-fixations.jpg
17,https://freeglisse.com/fr/ski-occasion-adulte-loisir/18536-ski-occasion-dynastar-legend-x-75-fixations.html,18536,Dynastar,Ski occasion Dynastar Legend X 75 + fixations,Disponible,90.83,,109.0,Polyvalent,Mixte,Loisir sport,Noir,,3.6,Ski occasion adulte loisir,['Qualit√© B'],"['156 cm', '172 cm', '164 cm']",6.0,,,[],0,0,0,0,0,https://freeglisse.com/68588-small_default/ski-occasion-dynastar-legend-x-75-fixations.jpg
18,https://freeglisse.com/fr/ski-occasion-femme-all-mountain/17203-ski-occasion-k2-thrilluvit-85-fixations.html,17203,K2,Ski occasion K2 Thrilluvit 85 + fixations,Disponible,99.17,,119.0,All mountain,Femme,Loisir,Bleu,une femme,3.6,Ski occasion femme all mountain,['Qualit√© B'],"['163 cm', '156 cm']",6.0,,,[],0,0,0,0,0,https://freeglisse.com/66100-small_default/ski-occasion-k2-thrilluvit-85-fixations.jpg
19,https://freeglisse.com/fr/ski-occasion-adulte-all-mountain/18381-ski-occasion-dynastar-speed-zone-4x4-82-fixations.html,18381,Dynastar,Ski occasion Dynastar SPEED ZONE 4x4 82 + fixations,Disponible,182.5,,219.0,All mountain,Mixte,Loisir sport,Blanc,,3.6,Ski occasion adulte all mountain,"['Qualit√© A', 'Qualit√© B']",['164 cm'],6.0,,,[],0,0,0,0,0,https://freeglisse.com/68062-small_default/ski-occasion-dynastar-speed-zone-4x4-82-fixations.jpg
20,https://freeglisse.com/fr/ski-occasion-femme-all-mountain/18929-ski-occasion-atomic-cloud-q9-fixations.html,18929,Atomic,Ski occasion Atomic Cloud Q9 + fixations,Disponible,249.17,,299.0,All mountain,Femme,Loisir sport,Noir,,3.6,Ski occasion femme all mountain,"['Qualit√© A', 'Qualit√© B']",['147 cm'],6.0,5/5,1.0,['Idem'],0,0,0,0,1,https://freeglisse.com/71538-small_default/ski-occasion-atomic-cloud-q9-fixations.jpg
21,https://freeglisse.com/fr/ski-occasion-junior-pas-cher/16346-ski-fille-occasion-junior-toutes-marques-a-29-fixations.html,16346,Toutes marques,Ski FILLE occasion junior toutes marques √† 29 ‚Ç¨ + Fixations,Disponible,24.17,,29.0,Piste,Fille,Loisir,,,3.6,Ski occasion junior pas cher,['Qualit√© B'],"['117 cm', '110 cm', '154 cm', '158 cm', '130 cm', '100 cm', '120 cm']",6.0,,,[],0,0,0,0,0,https://freeglisse.com/47667-small_default/ski-fille-occasion-junior-toutes-marques-a-29-fixations.jpg
22,https://freeglisse.com/fr/ski-occasion-adulte-pas-cher/13090-ski-occasion-rossignol-tous-modele-a-29-fixations.html,13090,Rossignol,Ski occasion Rossignol tous mod√®le √† 29‚Ç¨ + fixations,Disponible,24.17,,29.0,Piste,Mixte,Loisir,,,3.6,Ski occasion adulte pas cher,['Qualit√© C'],"['160 cm', '168 cm', '176 cm', '170 cm', '178 cm']",6.0,4.3/5,6.0,"['Parfait!', 'Superbe', ""Mat√©riel conforme au degr√© d'usure annonc√©"", 'Produit conforme √† la commande, la semelle des skis a √©t√© refaite, livr√© rapidement üëçüèª', 'bon prix', 'super']",0,0,0,4,2,https://freeglisse.com/32179-small_default/ski-occasion-rossignol-tous-modele-a-29-fixations.jpg
23,https://freeglisse.com/fr/ski-occasion-adulte-pas-cher/13081-ski-occasion-adulte-k2-tous-modeles-a-29-fixations.html,13081,K2,Ski occasion adulte K2 tous mod√®les √† 29‚Ç¨ + Fixations,Disponible,24.17,,29.0,Piste,Mixte,Loisir,Noir,,3.6,Ski occasion adulte pas cher,['Qualit√© C'],"['163 cm', '159 cm', '167 cm', '160 cm', '181 cm', '174 cm']",6.0,4/5,1.0,['Me semblent bien mais pas essay√©. Livraison rapide'],0,0,0,1,0,https://freeglisse.com/32203-small_default/ski-occasion-adulte-k2-tous-modeles-a-29-fixations.jpg
24,https://freeglisse.com/fr/ski-occasion-junior-pas-cher/16346-ski-fille-occasion-junior-toutes-marques-a-29-fixations.html,16346,Toutes marques,Ski FILLE occasion junior toutes marques √† 29 ‚Ç¨ + Fixations,Disponible,24.17,,29.0,Piste,Fille,Loisir,,,3.6,Ski occasion junior pas cher,['Qualit√© B'],"['117 cm', '110 cm', '154 cm', '158 cm', '130 cm', '100 cm', '120 cm']",6.0,,,[],0,0,0,0,0,https://freeglisse.com/47667-small_default/ski-fille-occasion-junior-toutes-marques-a-29-fixations.jpg
25,https://freeglisse.com/fr/ski-occasion-adulte-performance/18966-ski-occasion-rossignol-strato-edition-2023-fixations.html,18966,Rossignol,Ski occasion Rossignol Strato Edition 2023 + fixations,Disponible,272.67,409.0,327.2,Piste,Mixte,Comp√©tition,Noir,Adulte Performance,3.6,Ski occasion adulte performance,"['Qualit√© A', 'Qualit√© B']",['157 cm'],6.0,,,[],0,0,0,0,0,https://freeglisse.com/71620-small_default/ski-occasion-rossignol-strato-edition-2023-fixations.jpg
26,https://freeglisse.com/fr/ski-occasion-adulte-all-mountain/16751-ski-occasion-nordica-navigator-85-fixations.html,16751,Nordica,Ski occasion Nordica Navigator 85 + fixations,Disponible,49.17,,59.0,All mountain,Mixte,Loisir,Orange,,3.6,Ski occasion adulte all mountain,['Qualit√© C'],"['179 cm', '172 cm', '158 cm']",6.0,,,[],0,0,0,0,0,https://freeglisse.com/51728-small_default/ski-occasion-nordica-navigator-85-fixations.jpg
27,https://freeglisse.com/fr/ski-occasion-adulte-pas-cher/13096-ski-occasion-dynastar-tous-modele-a-29-fixations.html,13096,Dynastar,Ski occasion Dynastar tous mod√®le √† 29‚Ç¨ + fixations,Disponible,24.17,,29.0,Piste,Mixte,Loisir,,,3.6,Ski occasion adulte pas cher,['Qualit√© C'],"['154 cm', '150 cm', '165 cm', '172 cm', '178 cm']",6.0,4.6/5,5.0,"['Mat√©riel un peu vieillot en Dynastar, autant voir sur les autres marques', 'Classe C en bon √©tat g√©n√©ral.', 'Top produit !', 'super', 'tres rapide tout est ok']",0,0,1,0,4,https://freeglisse.com/32174-small_default/ski-occasion-dynastar-tous-modele-a-29-fixations.jpg
28,https://freeglisse.com/fr/ski-occasion-adulte-pas-cher/13083-ski-occasion-volkl-tous-modele-a-29-fixations.html,13083,Volkl,Ski occasion Volkl tous mod√®le √† 29‚Ç¨ + fixations,Disponible,24.17,,29.0,Piste,Mixte,Loisir,,,3.6,Ski occasion adulte pas cher,['Qualit√© C'],"['163 cm', '184 cm', '177 cm', '170 cm', '175 cm']",6.0,5/5,1.0,['Nickel'],0,0,0,0,1,https://freeglisse.com/32199-small_default/ski-occasion-volkl-tous-modele-a-29-fixations.jpg
29,https://freeglisse.com/fr/ski-occasion-femme-performance/15968-ski-occasion-fischer-brilliant-my-turn-fixations.html,15968,Fischer,Ski occasion Fischer Brilliant My Turn + fixations,Disponible,207.5,,249.0,Piste,Femme,Performant,Noir,une femme,3.6,Ski occasion femme performance,"['Qualit√© A', 'Qualit√© B']",['145 cm'],6.0,,,[],0,0,0,0,0,https://freeglisse.com/46140-small_default/ski-occasion-fischer-brilliant-my-turn-fixations.jpg
30,https://freeglisse.com/fr/ski-occasion-adulte-pas-cher/13085-ski-occasion-elan-tous-modele-a-29-fixations.html,13085,Elan,Ski occasion Elan tous mod√®le √† 29‚Ç¨ + fixations,Disponible,24.17,,29.0,Piste,Mixte,Loisir,,,3.6,Ski occasion adulte pas cher,['Qualit√© C'],"['160 cm', '176 cm', '152 cm']",6.0,,,[],0,0,0,0,0,https://freeglisse.com/32191-small_default/ski-occasion-elan-tous-modele-a-29-fixations.jpg
31,https://freeglisse.com/fr/ski-occasion-freeride/18418-ski-occasion-volkl-secret-fixations.html,18418,Volkl,Ski occasion Volkl Secret + fixations,Disponible,215.83,,259.0,Freeride,Femme,Performant,Noir,Freerideur adulte,3.6,Ski occasion freeride,['Qualit√© A'],"['163 cm', '156 cm', '149 cm']",6.0,,,[],0,0,0,0,0,https://freeglisse.com/68241-small_default/ski-occasion-volkl-secret-fixations.jpg
32,https://freeglisse.com/fr/ski-occasion-junior-loisir/18333-ski-occasion-junior-dynastar-slider-fixations.html,18333,Dynastar,Ski occasion junior Dynastar Slider + Fixations,Disponible,37.5,,45.0,Piste,Junior,D√©butant,Blanc,un junior,3.6,Ski occasion junior loisir,['Qualit√© B'],"['116 cm', '128 cm']",6.0,,,[],0,0,0,0,0,https://freeglisse.com/64845-small_default/ski-occasion-junior-dynastar-slider-fixations.jpg
33,https://freeglisse.com/fr/ski-occasion-junior-performance/12512-ski-occasion-junior-head-supershape-fixations.html,12512,Head,Ski occasion junior Head Supershape + fixations,Disponible,37.5,,45.0,Piste,Junior,Loisir sport,Blanc,,3.6,Ski occasion junior performance,['Qualit√© C'],"['130 cm', '120 cm']",6.0,5/5,1.0,"[""Semelles et carres en bon √©tat c'est le plus important...""]",0,0,0,0,1,https://freeglisse.com/69429-small_default/ski-occasion-junior-head-supershape-fixations.jpg
34,https://freeglisse.com/fr/ski-occasion-junior-loisir/14483-ski-occasion-junior-tecnopro-team-pulse-fixations.html,14483,Tecnopro,Ski occasion  junior Tecnopro Team Pulse + fixations,Disponible,45.83,,55.0,Piste,Junior,Loisir,Blanc,,3.6,Ski occasion junior loisir,"['Qualit√© A', 'Qualit√© B']",['130 cm'],6.0,4/5,1.0,['Ski comme pr√©vu sur le site'],0,0,0,1,0,https://freeglisse.com/35495-small_default/ski-occasion-junior-tecnopro-team-pulse-fixations.jpg
35,https://freeglisse.com/fr/ski-occasion-freeride/18415-ski-occasion-kastle-fx-96-fixations.html,18415,Kastle,Ski occasion Kastle FX 96 + fixations,Disponible,290.83,,349.0,Freeride,Mixte,Performant,Gris,,3.6,Ski occasion freeride,"['Qualit√© A', 'Qualit√© B']","['172 cm', '180 cm']",6.0,,,[],0,0,0,0,0,https://freeglisse.com/68228-small_default/ski-occasion-kastle-fx-96-fixations.jpg
36,https://freeglisse.com/fr/ski-occasion-freestyle/18382-ski-occasion-armada-arv-84-fixations.html,18382,Armada,Ski occasion Armada ARV 84 + fixations,Disponible,157.5,,189.0,Freestyle,Mixte,Loisir,Gris,,3.6,Ski occasion freestyle,['Qualit√© B'],"['156 cm', '170 cm']",6.0,,,[],0,0,0,0,0,https://freeglisse.com/68066-small_default/ski-occasion-armada-arv-84-fixations.jpg
37,https://freeglisse.com/fr/ski-occasion-femme-all-mountain/17099-ski-occasion-dynastar-intense-4x4-78-fixations.html,17099,Dynastar,Ski occasion Dynastar intense 4x4 78 + fixations,Disponible,165.83,,199.0,All mountain,Femme,Loisir sport,Bleu,une femme,3.6,Ski occasion femme all mountain,['Qualit√© A'],['164 cm'],6.0,,,[],0,0,0,0,0,https://freeglisse.com/53965-small_default/ski-occasion-dynastar-intense-4x4-78-fixations.jpg
38,https://freeglisse.com/fr/ski-occasion-junior-performance/18548-ski-occasion-junior-salomon-s-race-jr-fixations.html,18548,Salomon,Ski occasion junior Salomon S Race Jr + fixations,Disponible,32.5,,39.0,Racing,Junior,Performant,Bleu,,3.6,Ski occasion junior performance,['Qualit√© C'],['120 cm'],6.0,4/5,4.0,"['Dommage que les d√©fauts ne soient pas mieux d√©cris ou en photo', 'Livraison rapide et sans souci par contre d√©√ßu par les skis. Pour une qualit√© A ils sont pas top!', 'Conforme', 'Bien']",0,0,2,0,2,https://freeglisse.com/69792-small_default/ski-occasion-junior-salomon-s-race-jr-fixations.jpg
39,https://freeglisse.com/fr/ski-occasion-adulte-loisir/13390-ski-occasion-volkl-rtm-74-fixations.html,13390,Volkl,Ski occasion Volkl RTM 7.4 + fixations,Disponible,90.83,,109.0,Polyvalent,Mixte,Loisir,Noir,,3.6,Ski occasion adulte loisir,['Qualit√© A'],['149 cm'],6.0,3.5/5,2.0,"['Tr√®s bien', ""Nombreux impacts sur le dessus, semelle et carres en √©tat moyen. Fixation d'une marque connue.""]",0,0,1,1,0,https://freeglisse.com/33556-small_default/ski-occasion-volkl-rtm-74-fixations.jpg
40,https://freeglisse.com/fr/ski-occasion-junior-freeride-freestyle/11479-ski-occasion-junior-nordica-ace-of-spades-fixations.html,11479,Nordica,Ski occasion junior Nordica Ace of Spades + fixations,Disponible,54.17,,65.0,Freestyle,Junior,Loisir,Bleu,,3.6,Ski occasion junior Freeride / Freestyle,['Qualit√© A'],"['118 cm', '128 cm']",6.0,,,[],0,0,0,0,0,https://freeglisse.com/28595-small_default/ski-occasion-junior-nordica-ace-of-spades-fixations.jpg
41,https://freeglisse.com/fr/ski-occasion-junior-loisir/14269-ski-occasion-junior-tecnopro-team-pulse-fixations.html,14269,Tecnopro,Ski occasion junior Tecnopro Team Pulse + fixations,Disponible,45.83,,55.0,Piste,Junior,Loisir,Orange,,3.6,Ski occasion junior loisir,"['Qualit√© A', 'Qualit√© B']",['130 cm'],6.0,4.3/5,3.0,"['Super', 'Correct', 'Nickel']",0,0,1,0,2,https://freeglisse.com/37604-small_default/ski-occasion-junior-tecnopro-team-pulse-fixations.jpg
42,https://freeglisse.com/fr/ski-occasion-femme-all-mountain/18638-ski-occasion-head-kore-93-w-fixations.html,18638,Head,Ski occasion Head Kore 93 W + fixations,Disponible,174.17,,209.0,All mountain,Femme,Performant,Gris,,3.6,Ski occasion adulte all mountain,['Qualit√© B'],"['162 cm', '153 cm']",6.0,,,[],0,0,0,0,0,https://freeglisse.com/68876-small_default/ski-occasion-head-kore-93-w-fixations.jpg
43,https://freeglisse.com/fr/ski-occasion-adulte-performance/17721-ski-occasion-fischer-xtr-race-fixations.html,17721,Fischer,Ski occasion Fischer XTR Race + fixations,Disponible,45.83,,55.0,Piste,Mixte,Performant,Noir,,3.6,Ski occasion adulte performance,['Qualit√© C'],"['155 cm', '170 cm']",6.0,5/5,2.0,"['Topüëç', 'Tr√®s content de mon choix, qualit√© B mais qui √† mon avis sont en qualit√© A‚Ä¶.']",0,0,0,0,2,https://freeglisse.com/58773-small_default/ski-occasion-fischer-xtr-race-fixations.jpg
44,https://freeglisse.com/fr/ski-occasion-femme-performance/17653-ski-occasion-rossignol-nova-8-ca-2022-fixations.html,17653,Rossignol,Ski occasion Rossignol Nova 8 CA 2022  + Fixations,Disponible,174.17,,209.0,Piste,Femme,Performant,Blanc,une femme,3.6,Ski occasion femme performance,['Qualit√© A'],['142 cm'],6.0,4/5,1.0,"['Pour moi le A devrait se diff√©rencier en plus avec un ""+"" et un"" -"" exemple : A+ , dans ce cas j\'aurais not√© cette paire de ski en A- voir B+ . Je pense que la on serait parfait']",0,0,0,1,0,https://freeglisse.com/57271-small_default/ski-occasion-rossignol-nova-8-ca-2022-fixations.jpg
45,https://freeglisse.com/fr/ski-occasion-adulte-performance/18668-ski-occasion-nordica-dobermann-spitfire-crx-fixations.html,18668,Nordica,Ski occasion Nordica Dobermann Spitfire CRX + fixations,Disponible,49.17,,59.0,Piste,Mixte,Performant,Noir,,3.6,Ski occasion adulte performance,['Qualit√© C'],"['160 cm', '152 cm']",6.0,,,[],0,0,0,0,0,https://freeglisse.com/69020-small_default/ski-occasion-nordica-dobermann-spitfire-crx-fixations.jpg
46,https://freeglisse.com/fr/ski-occasion-adulte-loisir/18711-ski-occasion-salomon-s-force-x6-fixations.html,18711,Salomon,Ski occasion Salomon S Force X6 + fixations,Disponible,65.83,,79.0,Piste,Mixte,Loisir sport,Gris,,3.6,Ski occasion adulte loisir,['Qualit√© C'],['160 cm'],6.0,4/5,1.0,"['Mat√©riel conforme √† la description. Carres affut√©s, semelles en parfait √©tat, fartage OK... Impatient de les tester sur les pistes']",0,0,0,1,0,https://freeglisse.com/69210-small_default/ski-occasion-salomon-s-force-x6-fixations.jpg
47,https://freeglisse.com/fr/ski-occasion-freestyle/14701-ski-occasion-atomic-punx-5-fixations.html,14701,Atomic,Ski occasion Atomic Punx 5 + fixations,Disponible,99.17,,119.0,Freestyle,Mixte,Loisir sport,Blanc,,3.6,Ski occasion freestyle,['Qualit√© B'],['150 cm'],6.0,4.7/5,3.0,"['Skis are like described', ""√âtat correct manque juste quelque chose sur l'arri√®re des skis car il y a 2 trous"", 'Estupendo.']",0,0,0,1,2,https://freeglisse.com/39966-small_default/ski-occasion-atomic-punx-5-fixations.jpg
48,https://freeglisse.com/fr/ski-occasion-adulte-pas-cher/13086-ski-occasion-scott-tous-modele-a-29-fixations.html,13086,Scott,Ski occasion Scott tous mod√®le √† 29‚Ç¨ + fixations,Disponible,24.17,,29.0,Piste,Mixte,Loisir,,,3.6,Ski occasion adulte pas cher,['Qualit√© C'],"['168 cm', '178 cm', '175 cm']",6.0,5/5,1.0,"['Autre marque re√ßue (marqu√© inconnue) mais fonctionnels malgr√© la classe C. J\'ai re√ßu un mod√®le a spatule large, a priori d\'une gamme de loueur un peu moins ""standard""']",0,0,0,0,1,https://freeglisse.com/32187-small_default/ski-occasion-scott-tous-modele-a-29-fixations.jpg
49,https://freeglisse.com/fr/ski-occasion-femme-performance/17653-ski-occasion-rossignol-nova-8-ca-2022-fixations.html,17653,Rossignol,Ski occasion Rossignol Nova 8 CA 2022  + Fixations,Disponible,174.17,,209.0,Piste,Femme,Performant,Blanc,une femme,3.6,Ski occasion femme performance,['Qualit√© A'],['142 cm'],6.0,4/5,1.0,"['Pour moi le A devrait se diff√©rencier en plus avec un ""+"" et un"" -"" exemple : A+ , dans ce cas j\'aurais not√© cette paire de ski en A- voir B+ . Je pense que la on serait parfait']",0,0,0,1,0,https://freeglisse.com/57271-small_default/ski-occasion-rossignol-nova-8-ca-2022-fixations.jpg
50,https://freeglisse.com/fr/ski-occasion-femme-performance/18922-ski-occasion-rossignol-nova-8-ca-2023-fixations.html,18922,Rossignol,Ski occasion Rossignol Nova 8 CA 2023  + Fixations,Disponible,172.67,259.0,207.2,Piste,Femme,Performant,Blanc,une femme,3.6,Ski occasion femme performance,['Qualit√© A'],['142 cm'],6.0,3.5/5,2.0,"[""Pris an qualit√© A, pr√©sente bien les traces d'usage d'une saison, beaucoup de griffes et des quelques impacts sur le dessus du ski mais rien de bien m√©chant. Hate de les essayer"", 'Rapport qualit√© prix a peine correct pour une qualit√© A ; trop d‚Äôimpacts sur les bords, couleur pass√©e , de vieux skis;  reste √† les essayer tr√®s prochainement']",0,0,1,1,0,https://freeglisse.com/70905-small_default/ski-occasion-rossignol-nova-8-ca-2023-fixations.jpg
51,https://freeglisse.com/fr/ski-occasion-freeride/14644-ski-occasion-dynastar-cham-87-fixations.html,14644,Dynastar,Ski occasion Dynastar Cham 87 + fixations,Disponible,107.5,,129.0,Freeride,Mixte,Performant,Orange,,3.6,Ski occasion freeride,['Qualit√© A'],['172 cm'],6.0,3/5,2.0,"[""-Manque d'informations plus pr√©cise sur l'√©tat g√©n√©ral du mat√©riel sur le site, juste un r√©capitulatif g√©n√©ralis√© sur la notation A,B et C.\r\n-A r√©ception j'aurai plut√¥t mis la lettre B (A sur le site), semelle et care OK, fixation et dessus de ski avec bon nombres de rayures. Maintenant c'est qu'√† 'usage que je verrais si c'est pleinement OK."", ""je ne suis pas habitu√©, les skis sont pas mal ray√©s et d√©t√©rior√©s sur le dessus et en tr√®s bon √©tat dessous et c'est bien l√† l'essentiel""]",0,0,2,0,0,https://freeglisse.com/35739-small_default/ski-occasion-dynastar-cham-87-fixations.jpg
52,https://freeglisse.com/fr/ski-occasion-adulte-performance/13805-ski-occasion-rossignol-radical-9-gs-worldcup-ti-fixations.html,13805,Rossignol,Ski occasion Rossignol Radical 9 GS WorldCup TI + fixations,Disponible,132.5,,159.0,Racing,Mixte,Comp√©tition,Orange,,3.6,Ski occasion adulte performance,['Qualit√© B'],['180 cm'],6.0,,,[],0,0,0,0,0,https://freeglisse.com/35290-small_default/ski-occasion-rossignol-radical-9-gs-worldcup-ti-fixations.jpg
53,https://freeglisse.com/fr/ski-occasion-adulte-performance/12945-ski-occasion-head-shape-tx-fixations.html,12945,Head,Ski occasion Head Shape TX + fixations,Disponible,49.17,,59.0,Polyvalent,Mixte,Performant,Blanc,,3.6,Ski occasion adulte performance,['Qualit√© C'],['170 cm'],6.0,4/5,2.0,"['Troppo usurati anche per un grado C', ""Produit conforme plus qu'√† aller l'essayer""]",0,0,1,0,1,https://freeglisse.com/65245-small_default/ski-occasion-head-shape-tx-fixations.jpg
54,https://freeglisse.com/fr/ski-de-fond-occasion-skating-norme-sns/18996-ski-de-fond-occasion-junior-fischer-rcr-skatecut-fixation-sns-pilot.html,18996,Fischer,Ski de fond occasion junior Fischer RCR Skatecut + fixation SNS Pilot,Disponible,54.17,,65.0,Skating,Junior,Performant,Noir,,3.6,Ski de fond occasion skating norme SNS,['Qualit√© A'],"['142 cm', '152 cm']",4.0,,,[],0,0,0,0,0,
55,https://freeglisse.com/fr/ski-occasion-adulte-performance/17058-ski-occasion-nordica-transfire-rtx-fixations.html,17058,Nordica,Ski occasion Nordica Transfire RTX + fixations,Disponible,124.17,,149.0,Piste,Mixte,Performant,Bleu,,3.6,Ski occasion adulte performance,['Qualit√© A'],['160 cm'],6.0,,,[],0,0,0,0,0,https://freeglisse.com/53835-small_default/ski-occasion-nordica-transfire-rtx-fixations.jpg
56,https://freeglisse.com/fr/ski-occasion-junior-freeride-freestyle/17817-ski-occasion-junior-salomon-shogun-jr-fixations.html,17817,Salomon,Ski occasion junior Salomon Shogun Jr + fixations,Disponible,37.5,,45.0,Freestyle,Junior,Loisir sport,Blanc,,3.6,Ski occasion junior Freeride / Freestyle,['Qualit√© B'],['120 cm'],6.0,,,[],0,0,0,0,0,https://freeglisse.com/59361-small_default/ski-occasion-junior-salomon-shogun-jr-fixations.jpg
57,https://freeglisse.com/fr/ski-occasion-junior-performance/15523-ski-occasion-junior-fischer-rc4-race-fixations.html,15523,Fischer,Ski occasion junior Fischer RC4 Race + fixations,Disponible,29.17,,35.0,Piste,Junior,Performant,Noir,,3.6,Ski occasion junior performance,['Qualit√© C'],"['130 cm', '120 cm']",6.0,,,[],0,0,0,0,0,https://freeglisse.com/46048-small_default/ski-occasion-junior-fischer-rc4-race-fixations.jpg
58,https://freeglisse.com/fr/ski-occasion-adulte-performance/10713-ski-occasion-rossignol-9-gs-worldcup-ti-fixations.html,10713,Rossignol,Ski occasion Rossignol 9 GS WorldCup Ti + fixations,Disponible,132.5,,159.0,Racing,Mixte,Comp√©tition,Noir,,3.6,Ski occasion adulte performance,['Qualit√© B'],['168 cm'],6.0,,,[],0,0,0,0,0,https://freeglisse.com/24521-small_default/ski-occasion-rossignol-9-gs-worldcup-ti-fixations.jpg
59,https://freeglisse.com/fr/ski-occasion-adulte-all-mountain/18598-ski-occasion-elan-amphibio-84-ti-fixations.html,18598,Elan,Ski occasion Elan Amphibio 84 TI + Fixations,Disponible,115.83,,139.0,All mountain,Mixte,Performant,Orange,,3.6,Ski occasion adulte all mountain,['Qualit√© B'],['182 cm'],6.0,,,[],0,0,0,0,0,https://freeglisse.com/68779-small_default/ski-occasion-elan-amphibio-84-ti-fixations.jpg
60,https://freeglisse.com/fr/ski-occasion-junior-loisir/12420-ski-occasion-junior-dynastar-team-cham-fixations.html,12420,Dynastar,Ski occasion junior Dynastar Team Cham + Fixations,Disponible,37.5,,45.0,Piste,Junior,D√©butant,Orange,,3.6,Ski occasion junior loisir,['Qualit√© B'],['130 cm'],6.0,4.2/5,6.0,"['Conforme √† la description', 'Paire de ski junior qualite A ,\r\nDans l ensemble √©tat correct , semelle et carre parfait .\r\n√âtat g√©n√©ral du ski et fixation moyen ( ski de location ).\r\nJe m attendais √† mieux pour une qualit√© A .\r\nRapport qualit√© /prix correct', 'Commande re√ßue tr√®s rapidement, skis fart√©s et aff√ªt√©s. Rien √† redire.', 'Fixe bien r√©gl√©e par rapport aux chaussures. Attention √† la force sur les dix entre 4 et 5... Pour enfants...\r\nUne bonne pratique serait de mettre a 1 av et ar syst√©matiquement üôÇ.', 'Semelles des ski en √©tat impeccable.', ""L'√©tat correspond √† la description""]",0,0,1,3,2,https://freeglisse.com/26722-small_default/ski-occasion-junior-dynastar-team-cham-fixations.jpg
61,https://freeglisse.com/fr/ski-occasion-adulte-loisir/18550-ski-occasion-atomic-performer-xt-fixations.html,18550,Atomic,Ski occasion Atomic Performer XT + fixations,Disponible,65.83,,79.0,Piste,Mixte,Loisir sport,Bleu,,3.6,Ski occasion adulte loisir,['Qualit√© C'],"['156 cm', '149 cm']",6.0,4/5,1.0,['Certains  d√©fauts  auraient  put √™tre mentionn√©s. Livraison rapide .'],0,0,0,1,0,https://freeglisse.com/68649-small_default/ski-occasion-atomic-performer-xt-fixations.jpg
62,https://freeglisse.com/fr/ski-occasion-adulte-performance/14076-ski-occasion-nordica-dobermann-spitfire-pro-fixations.html,14076,Nordica,Ski occasion Nordica Dobermann Spitfire pro + fixations,Disponible,82.5,,99.0,Piste,Mixte,Performant,Rouge,,3.6,Ski occasion adulte performance,"['Qualit√© B', 'Qualit√© C']",['156 cm'],6.0,,,[],0,0,0,0,0,https://freeglisse.com/35378-small_default/ski-occasion-nordica-dobermann-spitfire-pro-fixations.jpg
63,https://freeglisse.com/fr/ski-occasion-adulte-pas-cher/13088-ski-occasion-movement-tous-modele-a-29-fixations.html,13088,Movement,Ski occasion Movement tous mod√®le √† 29‚Ç¨ + fixations,Disponible,24.17,,29.0,Piste,Mixte,Loisir,,,3.6,Ski occasion adulte pas cher,['Qualit√© C'],"['160 cm', '175 cm']",6.0,,,[],0,0,0,0,0,https://freeglisse.com/32183-small_default/ski-occasion-movement-tous-modele-a-29-fixations.jpg
64,https://freeglisse.com/fr/ski-occasion-adulte-all-mountain/14637-ski-occasion-atomic-vantage-86c-fixations.html,14637,Atomic,Ski occasion Atomic Vantage 86c + fixations,Disponible,107.5,,129.0,All mountain,Mixte,Performant,Gris,,3.6,Ski occasion adulte all mountain,['Qualit√© B'],['173 cm'],6.0,,,[],0,0,0,0,0,https://freeglisse.com/39618-small_default/ski-occasion-atomic-vantage-86c-fixations.jpg
65,https://freeglisse.com/fr/ski-occasion-junior-loisir/12462-ski-occasion-junior-tecnopro-team-pulse-fixations.html,12462,Tecnopro,Ski occasion junior Tecnopro Team Pulse + fixations,Disponible,40.83,,49.0,Piste,Junior,Loisir,Orange,,3.6,Ski occasion junior loisir,"['Qualit√© A', 'Qualit√© B']",['120 cm'],6.0,5/5,2.0,"['excellent', 'Tr√®s bien. Conforme √† la description et prix juste.']",0,0,0,0,2,https://freeglisse.com/26974-small_default/ski-occasion-junior-tecnopro-team-pulse-fixations.jpg
66,https://freeglisse.com/fr/ski-occasion-adulte-performance/17053-ski-occasion-rossignol-react-6-compact-fixations.html,17053,Rossignol,Ski occasion Rossignol React 6 Compact + fixations,Disponible,140.83,,169.0,Piste,Mixte,Performant,Noir,,3.6,Ski occasion adulte performance,['Qualit√© A'],['156 cm'],6.0,4.2/5,13.0,"['Perfect', 'parfaitement conforme √† nos attentes, tr√©s bon √©tat.', 'Tr√®s bon etat et livraison plus que rapide ( le lendemain)', 'Pour Moi  pas der Qualite A mais Qualite B', 'Good conditon.', 'tr√®s bon √©tat', 'Mauvaise paire de ski re√ßu', 'Conforme', 'Conforme', 'Pour cat√©gorie √Ä l‚Äô√©tat des skis est moyen ‚Ä¶ un peu de cosm√©tique serait bien', ""Livraison rapide et pr√©cise.\r\nQualit√© conforme √† l'attendue."", 'Qualit√© conforme √† la description l√©g√®re rayures sur le dessus semelle nickel', 'Excellent produit']",1,1,1,1,9,https://freeglisse.com/53817-small_default/ski-occasion-rossignol-react-6-compact-fixations.jpg
67,https://freeglisse.com/fr/ski-occasion-adulte-performance/17758-ski-occasion-fischer-rc4-the-curv-fixations.html,17758,Fischer,Ski occasion Fischer RC4 the Curv + fixations,Disponible,190.83,,229.0,Piste,Mixte,Performant,Bleu,,3.6,Ski occasion adulte performance,"['Qualit√© A', 'Qualit√© B']",['150 cm'],6.0,3.5/5,2.0,"[""si vous demandez pointure et poid je suppose que c'est pour avoir la possibilit√© de pr√©r√©gler les fixations et ce n'est pas le cas"", 'bien. Produit correspondant']",0,0,1,1,0,https://freeglisse.com/58785-small_default/ski-occasion-fischer-rc4-the-curv-fixations.jpg
68,https://freeglisse.com/fr/ski-occasion-adulte-loisir/12615-ski-occasion-rossignol-experience-75-carbon-fixations.html,12615,Rossignol,Ski occasion Rossignol Experience 75 Carbon + fixations,Disponible,82.5,,99.0,Piste,Mixte,Loisir sport,Rouge,,3.6,Ski occasion adulte loisir,['Qualit√© B'],['152 cm'],6.0,3.9/5,9.0,"['Il prodotto in ottimo stato, la qualit√† A rispecchia assolutamente le aspettative.', 'Spatule en bon √©tat, par contre dessus avec √ânorm√©ment d impacts et entierements ray√©s, plut√¥t une qualit√© c que b', 'Pas encore utilis√© mais ont l air tres bien', 'Bastante bien.', 'Tres bien', '1er choix qui corresponds √† du 2ieme pour moi. Beaucouo de rayures sur les skis.', 'tr√®s bon ski pour d√©butant, virage facil', 'Bien', 'Parfzit']",1,1,0,3,4,https://freeglisse.com/49998-small_default/ski-occasion-rossignol-experience-75-carbon-fixations.jpg
69,https://freeglisse.com/fr/ski-occasion-adulte-all-mountain/14171-ski-occasion-dynastar-legend-x-80-fixations.html,14171,Dynastar,Ski occasion Dynastar Legend X 80 + fixations,Disponible,115.83,,139.0,All mountain,Mixte,Loisir sport,Bleu,un homme,3.6,Ski occasion adulte all mountain,['Qualit√© B'],['159 cm'],6.0,5/5,1.0,['Conforme √† mes attentes'],0,0,0,0,1,https://freeglisse.com/37232-small_default/ski-occasion-dynastar-legend-x-80-fixations.jpg
70,https://freeglisse.com/fr/ski-occasion-freestyle/16555-ski-occasion-elan-sling-shot-fixations.html,16555,Elan,Ski occasion Elan Sling Shot + fixations,Disponible,40.83,,49.0,Freestyle,Mixte,Loisir sport,Vert,,3.6,Ski occasion freestyle,['Qualit√© C'],['156 cm'],6.0,4.5/5,2.0,"['RAS \r\n\r\nQuelques accros sur le dessus et semelles nickelles', 'Parfait']",0,0,0,1,1,https://freeglisse.com/49007-small_default/ski-occasion-elan-sling-shot-fixations.jpg
71,https://freeglisse.com/fr/ski-occasion-freestyle/17827-ski-occasion-volkl-alley-fixations.html,17827,Volkl,Ski occasion Volkl Alley + fixations,Disponible,74.17,,89.0,Freestyle,Mixte,D√©butant,Bleu,,3.6,Ski occasion freestyle,['Qualit√© B'],"['178 cm', '158 cm']",6.0,4/5,1.0,['Produit conforme √† la photo et la description ( ce n‚Äôest pas du neuf).\r\nLes renseignements sur l‚Äôutilisateur (taille de pied et poids)  bien pris en compte.'],0,0,0,1,0,https://freeglisse.com/59685-small_default/ski-occasion-volkl-alley-fixations.jpg
72,https://freeglisse.com/fr/ski-occasion-adulte-loisir/18700-ski-occasion-dynastar-legend-75-r-fixations.html,18700,Dynastar,Ski occasion Dynastar Legend 75 R + fixations,Disponible,99.17,,119.0,Polyvalent,Mixte,Loisir sport,Bleu,,3.6,Ski occasion adulte loisir,['Qualit√© B'],['156 cm'],6.0,,,[],0,0,0,0,0,https://freeglisse.com/69145-small_default/ski-occasion-dynastar-legend-75-r-fixations.jpg
73,https://freeglisse.com/fr/ski-occasion-junior-performance/15523-ski-occasion-junior-fischer-rc4-race-fixations.html,15523,Fischer,Ski occasion junior Fischer RC4 Race + fixations,Disponible,29.17,,35.0,Piste,Junior,Performant,Noir,,3.6,Ski occasion junior performance,['Qualit√© C'],"['130 cm', '120 cm']",6.0,,,[],0,0,0,0,0,https://freeglisse.com/46048-small_default/ski-occasion-junior-fischer-rc4-race-fixations.jpg
74,https://freeglisse.com/fr/ski-occasion-femme-loisir/18545-ski-occasion-blizzard-elevate-77-fixations.html,18545,Blizzard,Ski occasion Blizzard Elevate 7.7 + fixations,Disponible,124.17,,149.0,Piste,Femme,Loisir sport,Blanc,,3.6,Ski occasion femme loisir,['Qualit√© B'],['160 cm'],6.0,,,[],0,0,0,0,0,https://freeglisse.com/68625-small_default/ski-occasion-blizzard-elevate-77-fixations.jpg
75,https://freeglisse.com/fr/ski-occasion-adulte-all-mountain/14637-ski-occasion-atomic-vantage-86c-fixations.html,14637,Atomic,Ski occasion Atomic Vantage 86c + fixations,Disponible,107.5,,129.0,All mountain,Mixte,Performant,Gris,,3.6,Ski occasion adulte all mountain,['Qualit√© B'],['173 cm'],6.0,,,[],0,0,0,0,0,https://freeglisse.com/39618-small_default/ski-occasion-atomic-vantage-86c-fixations.jpg
76,https://freeglisse.com/fr/ski-occasion-freestyle/17827-ski-occasion-volkl-alley-fixations.html,17827,Volkl,Ski occasion Volkl Alley + fixations,Disponible,74.17,,89.0,Freestyle,Mixte,D√©butant,Bleu,,3.6,Ski occasion freestyle,['Qualit√© B'],"['178 cm', '158 cm']",6.0,4/5,1.0,['Produit conforme √† la photo et la description ( ce n‚Äôest pas du neuf).\r\nLes renseignements sur l‚Äôutilisateur (taille de pied et poids)  bien pris en compte.'],0,0,0,1,0,https://freeglisse.com/59685-small_default/ski-occasion-volkl-alley-fixations.jpg
77,https://freeglisse.com/fr/ski-occasion-adulte-all-mountain/18598-ski-occasion-elan-amphibio-84-ti-fixations.html,18598,Elan,Ski occasion Elan Amphibio 84 TI + Fixations,Disponible,115.83,,139.0,All mountain,Mixte,Performant,Orange,,3.6,Ski occasion adulte all mountain,['Qualit√© B'],['182 cm'],6.0,,,[],0,0,0,0,0,https://freeglisse.com/68779-small_default/ski-occasion-elan-amphibio-84-ti-fixations.jpg
78,https://freeglisse.com/fr/ski-occasion-adulte-performance/10713-ski-occasion-rossignol-9-gs-worldcup-ti-fixations.html,10713,Rossignol,Ski occasion Rossignol 9 GS WorldCup Ti + fixations,Disponible,132.5,,159.0,Racing,Mixte,Comp√©tition,Noir,,3.6,Ski occasion adulte performance,['Qualit√© B'],['168 cm'],6.0,,,[],0,0,0,0,0,https://freeglisse.com/24521-small_default/ski-occasion-rossignol-9-gs-worldcup-ti-fixations.jpg
79,https://freeglisse.com/fr/ski-occasion-junior-performance/14184-ski-occasion-junior-elan-race-rc-waveflex-fixations.html,14184,Elan,Ski occasion Junior ELAN RACE RC Waveflex + fixations,Disponible,49.17,,59.0,Piste,Junior,Loisir sport,Vert,un junior,3.6,Ski occasion junior performance,['Qualit√© A'],['120 cm'],6.0,5/5,2.0,"['Pas nouveau mais bonne condition.', 'pas encore essay√© - aspect visuel bon']",0,0,0,0,2,https://freeglisse.com/37280-small_default/ski-occasion-junior-elan-race-rc-waveflex-fixations.jpg
80,https://freeglisse.com/fr/ski-occasion-femme-all-mountain/18649-ski-occasion-fischer-my-pro-mt-80-fixations.html,18649,Fischer,Ski occasion Fischer My Pro MT 80 + fixations,Disponible,140.83,,169.0,All mountain,Femme,Performant,Noir,,3.6,Ski occasion femme all mountain,['Qualit√© B'],['159 cm'],6.0,,,[],0,0,0,0,0,https://freeglisse.com/68924-small_default/ski-occasion-fischer-my-pro-mt-80-fixations.jpg
81,https://freeglisse.com/fr/ski-occasion-femme-all-mountain/10686-ski-occasion-scott-luna-fixations.html,10686,Scott,Ski occasion Scott Luna + fixations,Disponible,74.17,,89.0,All mountain,Femme,Performant,Bleu,,3.6,Ski occasion femme all mountain,['Qualit√© A'],['166 cm'],6.0,,,[],0,0,0,0,0,https://freeglisse.com/24469-small_default/ski-occasion-scott-luna-fixations.jpg
82,https://freeglisse.com/fr/ski-occasion-adulte-performance/18363-ski-occasion-lacroix-pure-fixations.html,18363,Lacroix,Ski occasion Lacroix Pure + fixations,Disponible,190.83,,229.0,Piste,Mixte,Performant,Gris,Adulte Performance,3.6,Ski occasion adulte performance,['Qualit√© A'],['146 cm'],6.0,4/5,1.0,['√âtat en rapport avec description \r\nPas encore essay√©s'],0,0,0,1,0,https://freeglisse.com/67981-small_default/ski-occasion-lacroix-pure-fixations.jpg
83,https://freeglisse.com/fr/ski-occasion-adulte-performance/18372-ski-occasion-volkl-deacon-74-fixations.html,18372,Volkl,Ski occasion Volkl Deacon 7.4 + fixations,Disponible,90.83,,109.0,Piste,Mixte,Loisir sport,Bleu,,3.6,Ski occasion adulte performance,['Qualit√© B'],['156 cm'],6.0,,,[],0,0,0,0,0,https://freeglisse.com/68021-small_default/ski-occasion-volkl-deacon-74-fixations.jpg
84,https://freeglisse.com/fr/ski-occasion-adulte-performance/17209-ski-occasion-head-supershape-imagnum-fixations.html,17209,Head,Ski occasion Head Supershape i.Magnum + fixations,Disponible,57.5,,69.0,Piste,Mixte,Performant,Noir,,3.6,Ski occasion adulte performance,['Qualit√© C'],['177 cm'],6.0,4/5,1.0,['Top!'],0,0,0,1,0,https://freeglisse.com/66105-small_default/ski-occasion-head-supershape-imagnum-fixations.jpg
85,https://freeglisse.com/fr/ski-occasion-adulte-performance/17170-ski-occasion-atomic-redster-g9-fixations.html,17170,Atomic,Ski occasion Atomic Redster G9 + fixations,Disponible,90.83,,109.0,Racing,Mixte,Comp√©tition,Rouge,,3.6,Ski occasion adulte performance,['Qualit√© C'],['177 cm'],6.0,,,[],0,0,0,0,0,https://freeglisse.com/54099-small_default/ski-occasion-atomic-redster-g9-fixations.jpg
86,https://freeglisse.com/fr/ski-occasion-adulte-loisir/14627-ski-occasion-elan-element-fixations.html,14627,Elan,Ski occasion Elan Element + fixations,Disponible,65.83,,79.0,Piste,Mixte,Loisir,Bleu,,3.6,Ski occasion adulte loisir,['Qualit√© B'],['176 cm'],6.0,,,[],0,0,0,0,0,https://freeglisse.com/39574-small_default/ski-occasion-elan-element-fixations.jpg
87,https://freeglisse.com/fr/ski-occasion-adulte-loisir/15137-ski-occasion-volkl-rtm-74-fixation.html,15137,Volkl,Ski occasion Volkl RTM 7.4 + fixation,Disponible,49.17,,59.0,Piste,Mixte,Loisir sport,Rouge,un homme,3.6,Ski occasion adulte loisir,['Qualit√© C'],['163 cm'],6.0,,,[],0,0,0,0,0,https://freeglisse.com/65794-small_default/ski-occasion-volkl-rtm-74-fixation.jpg
88,https://freeglisse.com/fr/ski-occasion-adulte-performance/16426-ski-occasion-head-worldcup-rebels-irace-fixations.html,16426,Head,Ski occasion Head Worldcup Rebels i.race + fixations,Disponible,107.5,,129.0,Piste,Mixte,Performant,Noir,,3.6,Ski occasion adulte performance,['Qualit√© B'],['180 cm'],6.0,,,[],0,0,0,0,0,https://freeglisse.com/48312-small_default/ski-occasion-head-worldcup-rebels-irace-fixations.jpg
89,https://freeglisse.com/fr/ski-occasion-adulte-performance/15991-ski-occasion-head-ishape-rush-fixations.html,15991,Head,Ski occasion Head i.Shape Rush + fixations,Disponible,49.17,,59.0,Piste,Mixte,Loisir sport,Blanc,,3.6,Ski occasion adulte performance,['Qualit√© C'],['177 cm'],6.0,3/5,1.0,"['Considerando che si tratta di un prodotto usato anzi usatissimo mi aspettavo dei difetti estetici e qualche segno sulle solette, ma che addirittura nel bordo della copertura superiore lo strato di alluminio sia abbozzato e sollevato non me lo aspettavo.\r\nDirei di fare attenzione ai tecnici responsabili della selezione perch√© per non √® da categoria B']",0,0,1,0,0,https://freeglisse.com/65887-small_default/ski-occasion-head-ishape-rush-fixations.jpg
90,https://freeglisse.com/fr/ski-occasion-adulte-all-mountain/11927-ski-occasion-salomon-x-wing-8-fixations.html,11927,Salomon,Ski occasion Salomon X Wing 8 + fixations,Disponible,49.17,,59.0,All mountain,Mixte,Loisir sport,Rouge,,3.6,Ski occasion adulte all mountain,['Qualit√© C'],['160 cm'],6.0,5/5,1.0,['Genial!'],0,0,0,0,1,https://freeglisse.com/65048-small_default/ski-occasion-salomon-x-wing-8-fixations.jpg
91,https://freeglisse.com/fr/ski-occasion-junior-loisir/16851-ski-occasion-junior-tecnopro-flyte-jr-fixations.html,16851,Tecnopro,Ski occasion junior Tecnopro Flyte JR + fixations,Disponible,37.5,,45.0,Piste,Junior,D√©butant,Gris,,3.6,Ski occasion junior loisir,['Qualit√© A'],['150 cm'],6.0,,,[],0,0,0,0,0,https://freeglisse.com/52106-small_default/ski-occasion-junior-tecnopro-flyte-jr-fixations.jpg
92,https://freeglisse.com/fr/ski-test-all-mountain/15020-ski-test-kastle-fx-95-fixations.html,15020,Kastle,Ski Test Kastle FX 95 + fixations,Disponible,369.5,739.0,443.4,All mountain,Mixte,Performant,Noir,,3.6,Ski test all mountain,['Qualit√© A'],['157 cm'],6.0,,,[],0,0,0,0,0,https://freeglisse.com/41610-small_default/ski-test-kastle-fx-95-fixations.jpg
93,https://freeglisse.com/fr/ski-occasion-adulte-performance/13052-ski-occasion-lacroix-lx-gravity-fixations.html,13052,Lacroix,Ski occasion Lacroix LX Gravity + fixations,Disponible,282.5,,339.0,Polyvalent,Mixte,Performant,Gris,,3.6,Ski occasion adulte performance,['Qualit√© A'],['155 cm'],6.0,4/5,3.0,"['Pour une qualit√© A, je m‚Äôattendais √† une meilleure pr√©sentation. A voir √† l‚Äôusage.', 'Tr√®s beau produit √† un prix imbattable !', 'Super ski polyvalent \r\nTr√®s bonne pr√©paration des spatules mais fixations bien fatigu√©es avec jeu lat√©ral dans les m√¢choires avant, je vais devoir les remplacer car on perd clairement en contr√¥le.\r\nMais pour le prix honn√™tement je suis plut√¥t satisfait']",0,0,1,1,1,https://freeglisse.com/31907-small_default/ski-occasion-lacroix-lx-gravity-fixations.jpg
94,https://freeglisse.com/fr/ski-occasion-freeride/17648-ski-occasion-rossignol-blackops-sender-2022-fixations.html,17648,Rossignol,Ski occasion Rossignol Blackops Sender 2022 + Fixations,Disponible,249.17,,299.0,Freeride,Mixte,Performant,Noir,Freerideur adulte,3.6,Ski occasion freeride,['Qualit√© A'],['194 cm'],6.0,,,[],0,0,0,0,0,https://freeglisse.com/57929-small_default/ski-occasion-rossignol-blackops-sender-2022-fixations.jpg
95,https://freeglisse.com/fr/ski-occasion-freeride/17518-ski-occasion-salomon-rocker-fixations.html,17518,Salomon,Ski occasion Salomon Rocker  + fixations,Disponible,240.83,,289.0,Freeride,Mixte,Performant,Bleu,,3.6,Ski occasion freeride,['Qualit√© A'],['192 cm'],6.0,,,[],0,0,0,0,0,https://freeglisse.com/57547-small_default/ski-occasion-salomon-rocker-fixations.jpg
96,https://freeglisse.com/fr/ski-occasion-adulte-loisir/15181-ski-occasion-head-rev-78-fixations.html,15181,Head,Ski occasion Head Rev 78 + fixations,Disponible,49.17,,59.0,Polyvalent,Mixte,Loisir,Vert,,3.6,Ski occasion adulte loisir,['Qualit√© C'],['177 cm'],6.0,4/5,2.0,"['les coups presents sont un peu plus prononc√©s que definis dans la description de la qualit√©', 'Produit correspondant au descriptif. Mon fils a h√¢te de les essayer. Esp√©rons cette ann√©e.']",0,0,1,0,1,https://freeglisse.com/65799-small_default/ski-occasion-head-rev-78-fixations.jpg
97,https://freeglisse.com/fr/ski-occasion-adulte-loisir/17164-ski-occasion-fischer-my-xtr-mt-77-fixations.html,17164,Fischer,Ski occasion Fischer My XTR MT 77 + fixations,Disponible,107.5,,129.0,Piste,Mixte,Loisir,Noir,,3.6,Ski occasion adulte loisir,['Qualit√© B'],['145 cm'],6.0,,,[],0,0,0,0,0,https://freeglisse.com/54071-small_default/ski-occasion-fischer-my-xtr-mt-77-fixations.jpg
98,https://freeglisse.com/fr/ski-occasion-adulte-all-mountain/11927-ski-occasion-salomon-x-wing-8-fixations.html,11927,Salomon,Ski occasion Salomon X Wing 8 + fixations,Disponible,49.17,,59.0,All mountain,Mixte,Loisir sport,Rouge,,3.6,Ski occasion adulte all mountain,['Qualit√© C'],['160 cm'],6.0,5/5,1.0,['Genial!'],0,0,0,0,1,https://freeglisse.com/65048-small_default/ski-occasion-salomon-x-wing-8-fixations.jpg
99,https://freeglisse.com/fr/ski-occasion-adulte-all-mountain/13566-ski-occasion-kastle-mx-83-fixations.html,13566,Kastle,Ski occasion Kastle MX 83 + fixations,Disponible,107.5,,129.0,All mountain,Mixte,Performant,Blanc,,3.6,Ski occasion adulte performance,['Qualit√© B'],['183 cm'],6.0,5/5,1.0,"['Material conforme a lo especificado. Buena relaci√≥n calidad precio. Los esquis aun no los he probado, por lo que no puedo valorarlos. Se agradecer√≠a que se especificase tambi√©n el modelo de fijaci√≥n (el producto viene de tiendas de alquiler, y las fijaciones parecen algo distintas a las de venta en tienda']",0,0,0,0,1,https://freeglisse.com/34172-small_default/ski-occasion-kastle-mx-83-fixations.jpg
100,https://freeglisse.com/fr/ski-occasion-adulte-all-mountain/14173-ski-occasion-fischer-pro-mtn-80-ti-fixations.html,14173,Fischer,Ski occasion Fischer Pro MTN 80 Ti + fixations,Disponible,37.5,,45.0,All mountain,Mixte,Performant,Blanc,,3.6,Ski occasion adulte all mountain,['Qualit√© C'],['180 cm'],6.0,3/5,1.0,"[""je pensais qu'ils seraient moins endommag√©s""]",0,0,1,0,0,https://freeglisse.com/37240-small_default/ski-occasion-fischer-pro-mtn-80-ti-fixations.jpg
101,https://freeglisse.com/fr/ski-occasion-adulte-all-mountain/14296-ski-occasion-head-monster-78-fixation.html,14296,Head,Ski occasion Head Monster 78 + Fixation,Disponible,82.5,,99.0,All mountain,Mixte,Loisir sport,Rouge,,3.6,Ski occasion adulte all mountain,['Qualit√© A'],['183 cm'],6.0,2.3/5,3.0,"['Bon √©tat envoi rapide', 'Les skis sont en tr√®s tr√®s mauvais √©tat, non seulement tr√®s ray√©s, mais avec de gros impacts de structure. De plus, ils sont kaki au lieu de noir !!\r\nTr√®s d√©√ßu.', 'Ski en tr√®s mauvais √©tat']",1,1,0,1,0,https://freeglisse.com/37692-small_default/ski-occasion-head-monster-78-fixation.jpg
102,https://freeglisse.com/fr/ski-occasion-adulte-all-mountain/14344-ski-occasion-movement-jam-er-fixation.html,14344,Movement,Ski occasion Movement Jam ER + fixation,Disponible,124.17,,149.0,All mountain,Mixte,Performant,Bleu,,3.6,Ski occasion adulte all mountain,['Qualit√© A'],['182 cm'],6.0,,,[],0,0,0,0,0,https://freeglisse.com/42115-small_default/ski-occasion-movement-jam-er-fixation.jpg
103,https://freeglisse.com/fr/ski-occasion-adulte-all-mountain/14380-ski-occasion-scott-slight-83-fixations.html,14380,Scott,Ski occasion Scott Slight 83 + fixations,Disponible,149.17,,179.0,All mountain,Mixte,Performant,Noir,un homme,3.6,Ski occasion adulte all mountain,['Qualit√© B'],['178 cm'],6.0,,,[],0,0,0,0,0,https://freeglisse.com/37996-small_default/ski-occasion-scott-slight-83-fixations.jpg
104,https://freeglisse.com/fr/ski-occasion-adulte-all-mountain/16815-ski-occasion-kastle-mx-84-fixations.html,16815,Kastle,Ski occasion Kastle MX 84 + fixations,Disponible,57.5,,69.0,All mountain,Mixte,Performant,Blanc,,3.6,Ski occasion adulte all mountain,['Qualit√© C'],['176 cm'],6.0,,,[],0,0,0,0,0,https://freeglisse.com/51964-small_default/ski-occasion-kastle-mx-84-fixations.jpg
105,https://freeglisse.com/fr/ski-occasion-adulte-all-mountain/18439-ski-occasion-dynastar-m-freeski-fixations.html,18439,Dynastar,Ski occasion Dynastar M-Freeski + fixations,Disponible,140.83,,169.0,All mountain,Mixte,Loisir sport,Blanc,,3.6,Ski occasion adulte all mountain,['Qualit√© A'],['186 cm'],6.0,,,[],0,0,0,0,0,https://freeglisse.com/68341-small_default/ski-occasion-dynastar-m-freeski-fixations.jpg
106,https://freeglisse.com/fr/ski-occasion-adulte-all-mountain/18549-ski-occasion-dps-cassiar-foundation-f82-fixations.html,18549,DPS,Ski occasion Dps Cassiar Foundation f82 + fixations,Disponible,140.83,,169.0,All mountain,Mixte,Performant,Gris,un homme,3.6,Ski occasion adulte all mountain,['Qualit√© B'],['168 cm'],6.0,,,[],0,0,0,0,0,https://freeglisse.com/68637-small_default/ski-occasion-dps-cassiar-foundation-f82-fixations.jpg
107,https://freeglisse.com/fr/ski-occasion-adulte-all-mountain/18917-ski-occasion-rossignol-experience-86-basalt-2023-fixations.html,18917,Rossignol,Ski occasion Rossignol Experience 86 Basalt 2023  + Fixations,Disponible,212.67,319.0,255.2,Freeride,Mixte,Performant,Rouge,Freerideur adulte,3.6,Ski occasion adulte all mountain,['Qualit√© A'],['149 cm'],6.0,5/5,1.0,['Comme neuf'],0,0,0,0,1,https://freeglisse.com/70888-small_default/ski-occasion-rossignol-experience-86-basalt-2023-fixations.jpg
108,https://freeglisse.com/fr/ski-occasion-adulte-performance/10867-ski-occasion-atomic-redster-g9-fixations.html,10867,Atomic,Ski occasion Atomic Redster G9 + fixations,Disponible,90.83,,109.0,Piste,Mixte,Comp√©tition,Rouge,Adulte Performance,3.6,Ski occasion adulte performance,['Qualit√© C'],['171 cm'],6.0,4.3/5,3.0,"['Leggermente pi√π rovinati di quanto mi aspettassi sulla parte superiore ma nel complesso bene.', 'Choix B, pas cher, mais tout de m√™me bien ab√Æm√© sur le dessus. Un petit nettoyage aurait aussi √©t√© bienvenu.', 'Parfait']",0,0,0,2,1,https://freeglisse.com/64937-small_default/ski-occasion-atomic-redster-g9-fixations.jpg
109,https://freeglisse.com/fr/ski-occasion-adulte-performance/10938-ski-occasion-salomon-x-max-x10-fixations.html,10938,Salomon,Ski occasion Salomon X Max X10 + fixations,Disponible,207.5,,249.0,Piste,Mixte,Performant,Jaune,,3.6,Ski occasion adulte performance,['Qualit√© A'],['176 cm'],6.0,5/5,2.0,"['Tr√®s bon √©tat ,semelle et carres  impeccable.', 'Skis en tr√®s bon √©tat.']",0,0,0,0,2,https://freeglisse.com/25330-small_default/ski-occasion-salomon-x-max-x10-fixations.jpg
110,https://freeglisse.com/fr/ski-occasion-adulte-performance/11422-ski-occasion-dynastar-cr-74-fixations.html,11422,Dynastar,Ski occasion Dynastar CR 74 + fixations,Disponible,45.83,,55.0,Piste,Mixte,Loisir sport,Blanc,,3.6,Ski occasion adulte performance,['Qualit√© C'],['178 cm'],6.0,,,[],0,0,0,0,0,https://freeglisse.com/26426-small_default/ski-occasion-dynastar-cr-74-fixations.jpg
111,https://freeglisse.com/fr/ski-occasion-adulte-performance/11431-ski-occasion-volant-pulse-white-fixations.html,11431,Volant,Ski occasion Volant Pulse White + fixations,Disponible,99.17,,119.0,Piste,Mixte,Performant,Gris,,3.6,Ski occasion adulte performance,['Qualit√© B'],['149 cm'],6.0,,,[],0,0,0,0,0,
112,https://freeglisse.com/fr/ski-occasion-adulte-performance/13052-ski-occasion-lacroix-lx-gravity-fixations.html,13052,Lacroix,Ski occasion Lacroix LX Gravity + fixations,Disponible,282.5,,339.0,Polyvalent,Mixte,Performant,Gris,,3.6,Ski occasion adulte performance,['Qualit√© A'],['155 cm'],6.0,4/5,3.0,"['Pour une qualit√© A, je m‚Äôattendais √† une meilleure pr√©sentation. A voir √† l‚Äôusage.', 'Tr√®s beau produit √† un prix imbattable !', 'Super ski polyvalent \r\nTr√®s bonne pr√©paration des spatules mais fixations bien fatigu√©es avec jeu lat√©ral dans les m√¢choires avant, je vais devoir les remplacer car on perd clairement en contr√¥le.\r\nMais pour le prix honn√™tement je suis plut√¥t satisfait']",0,0,1,1,1,https://freeglisse.com/31907-small_default/ski-occasion-lacroix-lx-gravity-fixations.jpg
113,https://freeglisse.com/fr/ski-occasion-adulte-performance/14061-ski-occasion-nordica-dobermann-spitfire-crx-fixations.html,14061,Nordica,Ski occasion Nordica Dobermann spitfire CRX + fixations,Disponible,49.17,,59.0,Piste,Mixte,Loisir sport,Rouge,,3.6,Ski occasion adulte performance,['Qualit√© C'],['160 cm'],6.0,5/5,1.0,"[""Ski vraiment pas cher, des impacts prononc√©s sur le dessus mais c'√©tait pr√©visible pour de la qualit√© C. surface de glisse et carres en bon tat""]",0,0,0,0,1,https://freeglisse.com/63030-small_default/ski-occasion-nordica-dobermann-spitfire-crx-fixations.jpg
114,https://freeglisse.com/fr/ski-occasion-adulte-performance/14608-ski-occasion-atomic-redster-s9-fixations.html,14608,Atomic,Ski occasion Atomic Redster S9 + fixations,Disponible,124.17,,149.0,Piste,Mixte,Comp√©tition,Rouge,Adulte Performance,3.6,Ski occasion adulte performance,['Qualit√© C'],['165 cm'],6.0,,,[],0,0,0,0,0,https://freeglisse.com/41531-small_default/ski-occasion-atomic-redster-s9-fixations.jpg
115,https://freeglisse.com/fr/ski-occasion-adulte-performance/15190-ski-occasion-rossignol-strato-st-fixations.html,15190,Rossignol,Ski occasion Rossignol Strato ST + fixations,Disponible,124.17,,149.0,Piste,Mixte,Performant,Noir,,3.6,Ski occasion adulte performance,['Qualit√© B'],['161 cm'],6.0,4/5,2.0,"['Tr√®s d√©√ßu de la qualit√© du produit re√ßu.\r\nPour une qualit√© ¬´\xa0B\xa0¬ª j‚Äôesp√©rai mieux. La semelle et les carres sont renov√©s, mais les skis et fixations sont tr√®s endommag√©s‚Ä¶ r√©novation obligatoire et faite.', ""premi√®re paire re√ßue pas dans l'√©tat attendu, aucun probl√®me, retour et exp√©dition d'une nouvelle paire rapidement, de vrais professionnels √† l'√©coute.\r\n je recommande !""]",0,0,1,0,1,https://freeglisse.com/48752-small_default/ski-occasion-rossignol-strato-st-fixations.jpg
116,https://freeglisse.com/fr/ski-occasion-adulte-performance/15991-ski-occasion-head-ishape-rush-fixations.html,15991,Head,Ski occasion Head i.Shape Rush + fixations,Disponible,49.17,,59.0,Piste,Mixte,Loisir sport,Blanc,,3.6,Ski occasion adulte performance,['Qualit√© C'],['177 cm'],6.0,3/5,1.0,"['Considerando che si tratta di un prodotto usato anzi usatissimo mi aspettavo dei difetti estetici e qualche segno sulle solette, ma che addirittura nel bordo della copertura superiore lo strato di alluminio sia abbozzato e sollevato non me lo aspettavo.\r\nDirei di fare attenzione ai tecnici responsabili della selezione perch√© per non √® da categoria B']",0,0,1,0,0,https://freeglisse.com/65887-small_default/ski-occasion-head-ishape-rush-fixations.jpg
117,https://freeglisse.com/fr/ski-occasion-adulte-performance/16426-ski-occasion-head-worldcup-rebels-irace-fixations.html,16426,Head,Ski occasion Head Worldcup Rebels i.race + fixations,Disponible,107.5,,129.0,Piste,Mixte,Performant,Noir,,3.6,Ski occasion adulte performance,['Qualit√© B'],['180 cm'],6.0,,,[],0,0,0,0,0,https://freeglisse.com/48312-small_default/ski-occasion-head-worldcup-rebels-irace-fixations.jpg
118,https://freeglisse.com/fr/ski-occasion-adulte-performance/16753-ski-occasion-fischer-rc-one-77-xtr-fixation.html,16753,Fischer,Ski occasion Fischer Rc One 77 XTR + fixation,Disponible,82.5,,99.0,Piste,Mixte,Performant,Vert,,3.6,Ski occasion adulte performance,['Qualit√© B'],['171 cm'],6.0,5/5,1.0,['Cumplen las caracter√≠sticas indicadas en la descripci√≥n. Solo queda probarlos.'],0,0,0,0,1,https://freeglisse.com/49137-small_default/ski-occasion-fischer-rc-one-77-xtr-fixation.jpg
119,https://freeglisse.com/fr/ski-occasion-adulte-performance/16860-ski-occasion-dps-foundation-uschi-87-fixations.html,16860,DPS,Ski occasion Dps Foundation Uschi 87 + fixations,Disponible,140.83,,169.0,Piste,Mixte,Performant,Bleu,,3.6,Ski occasion adulte performance,['Qualit√© B'],['150 cm'],6.0,,,[],0,0,0,0,0,https://freeglisse.com/52141-small_default/ski-occasion-dps-foundation-uschi-87-fixations.jpg
120,https://freeglisse.com/fr/ski-occasion-adulte-performance/17116-ski-occasion-rossignol-pursuit-600-cam-fixations.html,17116,Rossignol,Ski occasion Rossignol Pursuit 600 CAM + fixations,Disponible,49.17,,59.0,Piste,Mixte,Performant,Noir,,3.6,Ski occasion adulte performance,['Qualit√© C'],['177 cm'],6.0,4/5,1.0,"['Skis en bon √©tat, ravi de ceux ci']",0,0,0,1,0,https://freeglisse.com/53981-small_default/ski-occasion-rossignol-pursuit-600-cam-fixations.jpg
121,https://freeglisse.com/fr/ski-occasion-adulte-performance/17170-ski-occasion-atomic-redster-g9-fixations.html,17170,Atomic,Ski occasion Atomic Redster G9 + fixations,Disponible,90.83,,109.0,Racing,Mixte,Comp√©tition,Rouge,,3.6,Ski occasion adulte performance,['Qualit√© C'],['177 cm'],6.0,,,[],0,0,0,0,0,https://freeglisse.com/54099-small_default/ski-occasion-atomic-redster-g9-fixations.jpg
122,https://freeglisse.com/fr/ski-occasion-adulte-performance/17209-ski-occasion-head-supershape-imagnum-fixations.html,17209,Head,Ski occasion Head Supershape i.Magnum + fixations,Disponible,57.5,,69.0,Piste,Mixte,Performant,Noir,,3.6,Ski occasion adulte performance,['Qualit√© C'],['177 cm'],6.0,4/5,1.0,['Top!'],0,0,0,1,0,https://freeglisse.com/66105-small_default/ski-occasion-head-supershape-imagnum-fixations.jpg
123,https://freeglisse.com/fr/ski-occasion-adulte-performance/17263-ski-occasion-head-v-shape-lyt-v10-fixations.html,17263,Head,Ski occasion Head V Shape LYT V10 + fixations,Disponible,140.83,,169.0,Polyvalent,Mixte,Performant,Noir,,3.6,Ski occasion adulte performance,['Qualit√© B'],['177 cm'],6.0,5/5,1.0,['Skis are like described'],0,0,0,0,1,https://freeglisse.com/54538-small_default/ski-occasion-head-v-shape-lyt-v10-fixations.jpg
124,https://freeglisse.com/fr/ski-occasion-adulte-performance/17975-ski-occasion-fischer-rc4-worldcup-sc-fixations.html,17975,Fischer,Ski occasion Fischer RC4 Worldcup SC + fixations,Disponible,240.83,,289.0,Racing,Mixte,Comp√©tition,Noir,,3.6,Ski occasion adulte performance,['Qualit√© A'],['155 cm'],6.0,,,[],0,0,0,0,0,https://freeglisse.com/66359-small_default/ski-occasion-fischer-rc4-worldcup-sc-fixations.jpg
125,https://freeglisse.com/fr/ski-occasion-adulte-performance/18363-ski-occasion-lacroix-pure-fixations.html,18363,Lacroix,Ski occasion Lacroix Pure + fixations,Disponible,190.83,,229.0,Piste,Mixte,Performant,Gris,Adulte Performance,3.6,Ski occasion adulte performance,['Qualit√© A'],['146 cm'],6.0,4/5,1.0,['√âtat en rapport avec description \r\nPas encore essay√©s'],0,0,0,1,0,https://freeglisse.com/67981-small_default/ski-occasion-lacroix-pure-fixations.jpg
126,https://freeglisse.com/fr/ski-occasion-adulte-performance/18372-ski-occasion-volkl-deacon-74-fixations.html,18372,Volkl,Ski occasion Volkl Deacon 7.4 + fixations,Disponible,90.83,,109.0,Piste,Mixte,Loisir sport,Bleu,,3.6,Ski occasion adulte performance,['Qualit√© B'],['156 cm'],6.0,,,[],0,0,0,0,0,https://freeglisse.com/68021-small_default/ski-occasion-volkl-deacon-74-fixations.jpg
127,https://freeglisse.com/fr/ski-occasion-adulte-performance/18398-ski-occasion-fischer-brilliant-the-curv-fixations.html,18398,Fischer,Ski occasion Fischer Brilliant the Curv + fixations,Disponible,240.83,,289.0,Piste,Mixte,Comp√©tition,Orange,,3.6,Ski occasion adulte performance,['Qualit√© B'],['178 cm'],6.0,4/5,1.0,['Pas de remarque particuli√®re. \r\nProduit et √©tat conforme √† la description'],0,0,0,1,0,https://freeglisse.com/68139-small_default/ski-occasion-fischer-brilliant-the-curv-fixations.jpg
128,https://freeglisse.com/fr/ski-occasion-adulte-performance/18670-ski-occasion-head-prestige-fixations.html,18670,Head,Ski occasion Head Prestige + fixations,Disponible,157.5,,189.0,Piste,Mixte,Performant,Noir,,3.6,Ski occasion adulte performance,['Qualit√© B'],['163 cm'],6.0,1/5,1.0,"['√âtat d√©plorable du mat√©riel pour une qualit√© A ! Par ailleurs, les couleurs et les d√©g√¢ts ne correspondent pas aux photos sur le site.']",1,0,0,0,0,https://freeglisse.com/69040-small_default/ski-occasion-head-prestige-fixations.jpg
129,https://freeglisse.com/fr/ski-occasion-adulte-performance/18674-ski-occasion-fischer-rc4-my-curv-fixations.html,18674,Fischer,Ski occasion Fischer RC4 My Curv + fixations,Disponible,157.5,,189.0,Piste,Mixte,Performant,Bleu,,3.6,Ski occasion adulte performance,['Qualit√© A'],['150 cm'],6.0,,,[],0,0,0,0,0,https://freeglisse.com/71420-small_default/ski-occasion-fischer-rc4-my-curv-fixations.jpg
130,https://freeglisse.com/fr/ski-occasion-adulte-performance/18685-ski-occasion-kastle-rx-12-sl-fixations.html,18685,Kastle,Ski occasion Kastle RX 12 SL + fixations,Disponible,190.83,,229.0,Piste,Mixte,Comp√©tition,Noir,,3.6,Ski occasion adulte performance,['Qualit√© A'],['155 cm'],6.0,,,[],0,0,0,0,0,https://freeglisse.com/71436-small_default/ski-occasion-kastle-rx-12-sl-fixations.jpg
131,https://freeglisse.com/fr/ski-occasion-adulte-performance/18881-ski-occasion-fischer-my-curv-fixations.html,18881,Fischer,Ski occasion Fischer My Curv + fixations,Disponible,190.83,,229.0,Piste,Mixte,Performant,Noir,,3.6,Ski occasion adulte performance,['Qualit√© A'],['157 cm'],6.0,4/5,2.0,"['je m attendais a un meilleur √©tat pour du cat√©gorie A .le dessus des skis est assez abim√© \r\nSinon ces Fisher My curv sont vraiment une tuerie pour carver, et les bosses .', 'Guter Zustand']",0,0,1,0,1,https://freeglisse.com/70534-small_default/ski-occasion-fischer-my-curv-fixations.jpg
132,https://freeglisse.com/fr/ski-test-all-mountain/15020-ski-test-kastle-fx-95-fixations.html,15020,Kastle,Ski Test Kastle FX 95 + fixations,Disponible,369.5,739.0,443.4,All mountain,Mixte,Performant,Noir,,3.6,Ski test all mountain,['Qualit√© A'],['157 cm'],6.0,,,[],0,0,0,0,0,https://freeglisse.com/41610-small_default/ski-test-kastle-fx-95-fixations.jpg
133,https://freeglisse.com/fr/ski-test-all-mountain/16856-ski-test-zag-h-96-fixations.html,16856,Zag,Ski Test Zag H 96 + fixations,Disponible,355.25,609.0,426.3,All mountain,Mixte,Performant,Rouge,,3.6,Ski test all mountain,['Qualit√© A'],['164 cm'],6.0,,,[],0,0,0,0,0,https://freeglisse.com/49170-small_default/ski-test-zag-h-96-fixations.jpg
134,https://freeglisse.com/fr/ski-test-all-mountain/17433-ski-test-zag-h-105-fixations.html,17433,Zag,Ski Test Zag H 105 + fixations,Disponible,320.25,549.0,384.3,All mountain,Mixte,Performant,Rouge,,3.6,Ski test all mountain,['Qualit√© A'],['182 cm'],6.0,,,[],0,0,0,0,0,https://freeglisse.com/54572-small_default/ski-test-zag-h-105-fixations.jpg
135,https://freeglisse.com/fr/ski-occasion-freeride/15234-ski-occasion-k2-pinnacle-95-fixation.html,15234,K2,Ski occasion K2 Pinnacle 95 + fixation,Disponible,124.17,,149.0,Freeride,Mixte,Loisir sport,Vert,Freerideur adulte,3.6,Ski occasion freeride,['Qualit√© B'],['191 cm'],6.0,,,[],0,0,0,0,0,https://freeglisse.com/42209-small_default/ski-occasion-k2-pinnacle-95-fixation.jpg
136,https://freeglisse.com/fr/ski-occasion-freeride/15989-ski-occasion-dynastar-legend-94-fixations.html,15989,Dynastar,Ski occasion Dynastar Legend 94 + fixations,Disponible,74.17,,89.0,Freeride,Mixte,Performant,Marron,,3.6,Ski occasion freeride,['Qualit√© B'],['189 cm'],6.0,,,[],0,0,0,0,0,https://freeglisse.com/46624-small_default/ski-occasion-dynastar-legend-94-fixations.jpg
137,https://freeglisse.com/fr/ski-occasion-freeride/17445-ski-occasion-movement-go-fast-fixation.html,17445,Movement,Ski occasion Movement Go Fast + fixation,Disponible,240.83,,289.0,Freeride,Mixte,Performant,Bleu,Freerideur adulte,3.6,Ski occasion freeride,['Qualit√© A'],['185 cm'],6.0,,,[],0,0,0,0,0,https://freeglisse.com/54622-small_default/ski-occasion-movement-go-fast-fixation.jpg
138,https://freeglisse.com/fr/ski-occasion-freeride/17518-ski-occasion-salomon-rocker-fixations.html,17518,Salomon,Ski occasion Salomon Rocker  + fixations,Disponible,240.83,,289.0,Freeride,Mixte,Performant,Bleu,,3.6,Ski occasion freeride,['Qualit√© A'],['192 cm'],6.0,,,[],0,0,0,0,0,https://freeglisse.com/57547-small_default/ski-occasion-salomon-rocker-fixations.jpg
139,https://freeglisse.com/fr/ski-occasion-freeride/17648-ski-occasion-rossignol-blackops-sender-2022-fixations.html,17648,Rossignol,Ski occasion Rossignol Blackops Sender 2022 + Fixations,Disponible,249.17,,299.0,Freeride,Mixte,Performant,Noir,Freerideur adulte,3.6,Ski occasion freeride,['Qualit√© A'],['194 cm'],6.0,,,[],0,0,0,0,0,https://freeglisse.com/57929-small_default/ski-occasion-rossignol-blackops-sender-2022-fixations.jpg
140,https://freeglisse.com/fr/ski-occasion-freeride/18356-ski-occasion-exonde-xo-97-v31-fixations.html,18356,Exonde,Ski occasion Exonde XO 97 v31 + fixations,Disponible,290.83,,349.0,Freeride,Mixte,Performant,Noir,,3.6,Ski occasion freeride,['Qualit√© A'],['184 cm'],6.0,,,[],0,0,0,0,0,https://freeglisse.com/67944-small_default/ski-occasion-exonde-xo-97-v31-fixations.jpg
141,https://freeglisse.com/fr/ski-occasion-freeride/18391-ski-occasion-rossignol-sky-7-hd-w-fixations.html,18391,Rossignol,Ski occasion Rossignol Sky 7 HD W + Fixations,Disponible,190.83,,229.0,Freeride,Femme,Loisir sport,Noir,,3.6,Ski occasion freeride,['Qualit√© A'],['156 cm'],6.0,1/5,1.0,"[""Apr√®s r√©ception des skis, je trouve qu'ils sont tr√®s ab√Æm√©s pour une cat√©gorie A. Tr√®s d√©√ßu par rapport au prix""]",1,0,0,0,0,https://freeglisse.com/68107-small_default/ski-occasion-rossignol-sky-7-hd-w-fixations.jpg
142,https://freeglisse.com/fr/ski-occasion-freestyle/16913-ski-occasion-dynastar-menace-90-fixations.html,16913,Dynastar,Ski occasion Dynastar Menace 90 + fixations,Disponible,149.17,,179.0,Freestyle,Mixte,Performant,Bleu,,3.6,Ski occasion freestyle,['Qualit√© A'],['140 cm'],6.0,,,[],0,0,0,0,0,https://freeglisse.com/52366-small_default/ski-occasion-dynastar-menace-90-fixations.jpg
143,https://freeglisse.com/fr/ski-occasion-freestyle/17545-ski-occasion-armada-el-rey-fixations.html,17545,Armada,Ski occasion Armada El Rey + fixations,Disponible,124.17,,149.0,Freestyle,Mixte,Performant,Rouge,,3.6,Ski occasion freestyle,['Qualit√© B'],['157 cm'],6.0,,,[],0,0,0,0,0,https://freeglisse.com/57729-small_default/ski-occasion-armada-el-rey-fixations.jpg
144,https://freeglisse.com/fr/ski-occasion-freestyle/18501-ski-occasion-volkl-revolt-95-fixations.html,18501,Volkl,Ski occasion Volkl Revolt 95 + fixations,Disponible,82.5,,99.0,Freestyle,Mixte,Performant,Gris,,3.6,Ski occasion freestyle,['Qualit√© C'],['181 cm'],6.0,,,[],0,0,0,0,0,https://freeglisse.com/68522-small_default/ski-occasion-volkl-revolt-95-fixations.jpg
145,https://freeglisse.com/fr/ski-occasion-junior-loisir/12451-ski-occasion-junior-wedze-team-onebreaker-fixations.html,12451,Wedze,Ski occasion junior Wedze Team Onebreaker + fixations,Disponible,32.5,,39.0,Piste,Junior,D√©butant,Rouge,un junior,3.6,Ski occasion junior loisir,['Qualit√© A'],['130 cm'],6.0,5/5,2.0,"['Top!', 'Parfait']",0,0,0,0,2,https://freeglisse.com/26086-small_default/ski-occasion-junior-wedze-team-onebreaker-fixations.jpg
146,https://freeglisse.com/fr/ski-occasion-junior-loisir/12454-ski-occasion-junior-dynastar-team-cham-fixations.html,12454,Dynastar,Ski occasion junior Dynastar Team Cham + Fixations,Disponible,49.17,,59.0,All mountain,Junior,Loisir,Blanc,,3.6,Ski occasion junior loisir,['Qualit√© A'],['128 cm'],6.0,5/5,2.0,"['Les skis correspondent √† la qualit√© annonc√©e par le site.', ""c'est ok""]",0,0,0,0,2,https://freeglisse.com/26934-small_default/ski-occasion-junior-dynastar-team-cham-fixations.jpg
147,https://freeglisse.com/fr/ski-occasion-junior-loisir/12455-ski-occasion-junior-wedze-team-onebreaker-fixations.html,12455,Wedze,Ski occasion junior Wedze Team Onebreaker + fixations,Disponible,26.67,,32.0,Piste,Junior,Loisir,Blanc,,3.6,Ski occasion junior loisir,['Qualit√© B'],['120 cm'],6.0,4.3/5,3.0,"['Conforme au descriptif', 'conforme', 'Conforme a la desciption']",0,0,0,2,1,https://freeglisse.com/49816-small_default/ski-occasion-junior-wedze-team-onebreaker-fixations.jpg
148,https://freeglisse.com/fr/ski-occasion-junior-loisir/14146-ski-occasion-junior-roxy-girly-coeur-fixations.html,14146,Roxy,Ski occasion Junior Roxy Girly Coeur + Fixations,Disponible,32.5,,39.0,Piste,Fille,Loisir,Rouge,,3.6,Ski occasion junior loisir,['Qualit√© A'],['100 cm'],6.0,,,[],0,0,0,0,0,https://freeglisse.com/37132-small_default/ski-occasion-junior-roxy-girly-coeur-fixations.jpg
149,https://freeglisse.com/fr/ski-occasion-junior-loisir/14272-ski-occasion-junior-head-xrc-50-fixations.html,14272,Head,Ski occasion junior Head XRC 50  + fixations,Disponible,32.5,,39.0,Piste,Junior,Loisir,Orange,,3.6,Ski occasion junior loisir,['Qualit√© A'],['117 cm'],6.0,,,[],0,0,0,0,0,https://freeglisse.com/37612-small_default/ski-occasion-junior-head-xrc-50-fixations.jpg
150,https://freeglisse.com/fr/ski-occasion-junior-loisir/16851-ski-occasion-junior-tecnopro-flyte-jr-fixations.html,16851,Tecnopro,Ski occasion junior Tecnopro Flyte JR + fixations,Disponible,37.5,,45.0,Piste,Junior,D√©butant,Gris,,3.6,Ski occasion junior loisir,['Qualit√© A'],['150 cm'],6.0,,,[],0,0,0,0,0,https://freeglisse.com/52106-small_default/ski-occasion-junior-tecnopro-flyte-jr-fixations.jpg
151,https://freeglisse.com/fr/ski-occasion-junior-loisir/17002-ski-occasion-junior-volkl-rtm-jr-fixations.html,17002,Volkl,Ski occasion junior Volkl RTM JR + fixations,Disponible,49.17,,59.0,All mountain,Junior,Loisir sport,Noir,,3.6,Ski occasion junior loisir,['Qualit√© A'],['130 cm'],6.0,,,[],0,0,0,0,0,https://freeglisse.com/52895-small_default/ski-occasion-junior-volkl-rtm-jr-fixations.jpg
152,https://freeglisse.com/fr/ski-occasion-junior-loisir/18613-ski-occasion-junior-fischer-stunner-fixations.html,18613,Fischer,Ski occasion junior Fischer Stunner + fixations,Disponible,40.83,,49.0,Piste,Junior,Loisir,Bleu,,3.6,Ski occasion junior loisir,['Qualit√© C'],['151 cm'],6.0,5/5,1.0,['Correspond aux attentes'],0,0,0,0,1,https://freeglisse.com/69906-small_default/ski-occasion-junior-fischer-stunner-fixations.jpg
153,https://freeglisse.com/fr/ski-occasion-junior-performance/12473-ski-occasion-junior-volkl-racetiger-sl-fixations.html,12473,Volkl,Ski occasion Junior Volkl Racetiger SL + fixations,Disponible,49.17,,59.0,Piste,Junior,Performant,Jaune,,3.6,Ski occasion junior performance,['Qualit√© B'],['120 cm'],6.0,,,[],0,0,0,0,0,https://freeglisse.com/48316-small_default/ski-occasion-junior-volkl-racetiger-sl-fixations.jpg
154,https://freeglisse.com/fr/ski-occasion-junior-performance/12493-ski-occasion-junior-head-supershape-era-20-fixations.html,12493,Head,Ski occasion junior Head Supershape ERA 2.0 + fixations,Disponible,45.83,,55.0,Piste,Junior,Loisir sport,Blanc,un junior,3.6,Ski occasion junior performance,['Qualit√© B'],['120 cm'],6.0,4/5,2.0,"['Ski impeccable, semelle et cares parfaites. Fixations un peu us√©es au niveau des plastiques mais rapport qualit√©-prix excellent.', 'conforme au descriptif √† valider sur les pistes']",0,0,0,2,0,https://freeglisse.com/56256-small_default/ski-occasion-junior-head-supershape-era-20-fixations.jpg
155,https://freeglisse.com/fr/ski-occasion-junior-performance/12566-ski-occasion-junior-dynastar-team-course-wc-fixations.html,12566,Dynastar,Ski occasion junior Dynastar Team Course WC + fixations,Disponible,35.83,,43.0,Piste,Junior,Performant,Bleu,un junior,3.6,Ski occasion junior performance,['Qualit√© C'],['165 cm'],6.0,,,[],0,0,0,0,0,https://freeglisse.com/60639-small_default/ski-occasion-junior-dynastar-team-course-wc-fixations.jpg
156,https://freeglisse.com/fr/ski-occasion-junior-performance/14184-ski-occasion-junior-elan-race-rc-waveflex-fixations.html,14184,Elan,Ski occasion Junior ELAN RACE RC Waveflex + fixations,Disponible,49.17,,59.0,Piste,Junior,Loisir sport,Vert,un junior,3.6,Ski occasion junior performance,['Qualit√© A'],['120 cm'],6.0,5/5,2.0,"['Pas nouveau mais bonne condition.', 'pas encore essay√© - aspect visuel bon']",0,0,0,0,2,https://freeglisse.com/37280-small_default/ski-occasion-junior-elan-race-rc-waveflex-fixations.jpg
157,https://freeglisse.com/fr/ski-occasion-junior-performance/14324-ski-occasion-junior-rossignol-hero-junior-pro-multi-event-fixations.html,14324,Rossignol,Ski occasion junior Rossignol Hero Junior Pro Multi Event + fixations,Disponible,74.17,,89.0,Piste,Mixte,Performant,Rouge,un junior,3.6,Ski occasion junior performance,['Qualit√© A'],['110 cm'],6.0,5/5,1.0,['conforme description'],0,0,0,0,1,https://freeglisse.com/37816-small_default/ski-occasion-junior-rossignol-hero-junior-pro-multi-event-fixations.jpg
158,https://freeglisse.com/fr/ski-occasion-junior-performance/14557-ski-occasion-junior-dynastar-team-course-wc-fixations.html,14557,Dynastar,Ski occasion junior Dynastar Team Course WC + fixations,Disponible,37.5,,45.0,Piste,Junior,Comp√©tition,Bleu,un junior,3.6,Ski occasion junior performance,['Qualit√© C'],['158 cm'],6.0,1.5/5,2.0,"['Correctement class√© C car le Mat√©riel est en bon √©tat mais a beaucoup de rayures', 'Les fixations bougent et ne semble pas pouvoir se resserrer. Les ski ne seront pas utilisables je pense.']",1,1,0,0,0,https://freeglisse.com/50619-small_default/ski-occasion-junior-dynastar-team-course-wc-fixations.jpg
159,https://freeglisse.com/fr/ski-occasion-junior-performance/16441-ski-occasion-junior-head-team-supershape-era-20-fixations.html,16441,Head,Ski occasion junior Head Team Supershape Era 2.0 + fixations,Disponible,37.5,,45.0,Piste,Junior,Loisir sport,Blanc,,3.6,Ski occasion junior performance,['Qualit√© C'],['117 cm'],6.0,,,[],0,0,0,0,0,https://freeglisse.com/69582-small_default/ski-occasion-junior-head-team-supershape-era-20-fixations.jpg
160,https://freeglisse.com/fr/ski-occasion-junior-performance/18213-ski-occasion-junior-blizzard-racing-gs-fixations.html,18213,Blizzard,Ski occasion junior Blizzard Racing GS + fixations,Disponible,24.17,,29.0,Racing,Junior,Comp√©tition,Orange,,3.6,Ski occasion junior performance,['Qualit√© C'],['130 cm'],6.0,,,[],0,0,0,0,0,https://freeglisse.com/64337-small_default/ski-occasion-junior-blizzard-racing-gs-fixations.jpg
161,https://freeglisse.com/fr/ski-occasion-junior-performance/18266-ski-occasion-junior-fischer-rc4-worldcup-gs-fixations.html,18266,Fischer,Ski occasion junior Fischer RC4 worldcup GS + fixations,Disponible,45.83,,55.0,Piste,Junior,Performant,Jaune,,3.6,Ski occasion junior performance,['Qualit√© B'],['130 cm'],6.0,,,[],0,0,0,0,0,https://freeglisse.com/67533-small_default/ski-occasion-junior-fischer-rc4-worldcup-gs-fixations.jpg
162,https://freeglisse.com/fr/ski-occasion-junior-performance/18309-ski-occasion-junior-volkl-racetiger-gs-fixations.html,18309,Volkl,Ski occasion junior Volkl Racetiger GS + fixations,Disponible,24.17,,29.0,Piste,Junior,Performant,Rouge,,3.6,Ski occasion junior performance,['Qualit√© C'],['150 cm'],6.0,,,[],0,0,0,0,0,https://freeglisse.com/67714-small_default/ski-occasion-junior-volkl-racetiger-gs-fixations.jpg
163,https://freeglisse.com/fr/ski-de-rando-occasion-et-fin-de-serie/18871-ski-occasion-rando-pack-dynastar-cham-alti-85-fixation-look-hm-12.html,18871,Dynastar,Ski occasion RANDO PACK Dynastar Cham Alti 85 + fixation Look HM 12,Disponible,390.83,,469.0,Ski de randonn√©e,Mixte,Performant,Bleu,,3.6,Ski de rando occasion et fin de s√©rie,['Qualit√© B'],['178 cm'],6.0,,,[],0,0,0,0,0,https://freeglisse.com/71468-small_default/ski-occasion-rando-pack-dynastar-cham-alti-85-fixation-look-hm-12.jpg
164,https://freeglisse.com/fr/ski-de-fond-occasion-alternatif-norme-sns/17488-ski-de-fond-occasion-junior-salomon-skin-race-fixation-sns-access.html,17488,Salomon,Ski de fond occasion junior Salomon Skin Race + fixation SNS Access,Disponible,49.17,,59.0,Alternatif,Junior,Loisir sport,Bleu,,3.6,Ski de fond occasion alternatif norme SNS,['Qualit√© A'],['135 cm'],4.0,,,[],0,0,0,0,0,
165,https://freeglisse.com/fr/ski-occasion-adulte-all-mountain/16862-ski-occasion-lacroix-lx-gravity-fixations.html,16862,Lacroix,Ski occasion Lacroix LX Gravity + fixations,Rupture de stock,274.17,,329.0,All mountain,Mixte,Performant,Gris,,3.6,Ski occasion adulte performance,[],[],6.0,,,[],0,0,0,0,0,https://freeglisse.com/49174-small_default/ski-occasion-lacroix-lx-gravity-fixations.jpg
166,https://freeglisse.com/fr/ski-occasion-adulte-performance/16493-ski-occasion-rossignol-react-8-fixations.html,16493,Rossignol,Ski occasion Rossignol React 8 + fixations,Rupture de stock,174.17,,209.0,Piste,Mixte,Performant,Noir,Adulte Performance,3.6,Ski occasion adulte performance,[],[],6.0,4/5,1.0,['Correct'],0,0,0,1,0,https://freeglisse.com/65942-small_default/ski-occasion-rossignol-react-8-fixations.jpg
167,https://freeglisse.com/fr/ski-occasion-junior-loisir/11458-ski-occasion-junior-rossignol-radical-j-fixations.html,11458,Rossignol,Ski occasion junior Rossignol radical J + fixations,Rupture de stock,32.5,,39.0,Piste,Junior,Loisir sport,Blanc,,3.6,Ski occasion junior loisir,[],[],6.0,4.3/5,4.0,"['Ensemble raisonnable', 'Ski en tr√®s bon √©tat, juste des rayures sur fixations en grade A', 'Semelle et carres en bon √©tat.\r\nFixations desserr√©es... car filetage d√©truit dans le ski...', 'Los esqu√≠s llegaron encerados y su estado es el normal despues del uso que han tenido']",0,1,0,0,3,https://freeglisse.com/43923-small_default/ski-occasion-junior-rossignol-radical-j-fixations.jpg
168,https://freeglisse.com/fr/ski-occasion-junior-loisir/14128-ski-occasion-junior-k2-rosace-fixations.html,14128,K2,Ski occasion junior K2 Rosace + fixations,Rupture de stock,32.5,,39.0,Piste,Fille,Loisir,Blanc,,3.6,Ski occasion junior loisir,[],[],6.0,5/5,1.0,['Tr√®s bien.'],0,0,0,0,1,https://freeglisse.com/37060-small_default/ski-occasion-junior-k2-rosace-fixations.jpg
