,link,general_rate,nb_ratings,reviews_count_1_star,reviews_count_2_stars,reviews_count_3_stars,reviews_count_4_stars,reviews_count_5_stars,reviews
0,https://freeglisse.com/fr/ski-occasion-adulte-freeride-et-freestyle/18916-ski-occasion-rossignol-sender-104-ti-2023-fixations.html,5/5,1.0,0,0,0,0,1,"[""Hormis le probl√®me de fixations apr√®s avoir pris le soins de les lustr√© pr√©par√© les cares et fartage la notation qualit√© A n'ai pas mis en  d√©faut.""]"
1,https://freeglisse.com/fr/ski-occasion-adulte-freeride-et-freestyle/18915-ski-occasion-rossignol-sender-94-ti-2023-fixations.html,4/5,1.0,0,0,0,1,0,['good cuality']
2,https://freeglisse.com/fr/ski-de-fond-occasion-alternatif-norme-sns/18974-ski-de-fond-occasion-rossignol-lts-junior-fixation-sns-profil.html,,,0,0,0,0,0,[]
3,https://freeglisse.com/fr/ski-de-fond-occasion-alternatif-norme-sns/15468-ski-de-fond-occasion-toutes-marques-fixation-sns-profil.html,4.8/5,10.0,0,0,0,2,8,"[""Je n'ai pas encore pu les tester car pas de chaussure dispo a la vente pour la pointure. Mais les √©cailles semblent encore en bon etat"", 'parfait, conforme √† la description', 'Conforme', 'Superbe etat', 'Bon rapport qualit√©/prix', 'Conforme √† la description, super', 'Pas d√©√ßue bien', 'Super pour le prix, ils ont d√©j√† fait un tour de piste ce WE', ""Produit conforme √† la description. Livraison sous 3 jours. Ma fille peut s'initier avec joie au ski de fond pour un prix tres correct. Parfait !"", 'Conforme']"
4,https://freeglisse.com/fr/ski-occasion-femme-loisir/18890-ski-occasion-rossignol-nova-6-fixations.html,3.2/5,5.0,2,0,0,1,2,"['Etat du produit conforme √† mes attentes!', 'Gew√§hlte Quali√§t war C - Oberseite schon einige Abplatzer; Lauffl√§chen und Kanten aber okay. Gutes Preis-Lestungs-Verh√§ltnis', ""Des skis pas chers c'est s√ªr mais quel √©tat pitoyable !! Ok j'ai choisi categorie C et √ßa ne m'emp√™chera pas de skier mais qd-m√™me !! A ce niveau c'est plut√¥t categorie Z !!! Il manque carr√©ment  des morceaux sur le dessus des skis !! Une photo pr√©cise de l'√©tat r√©el de la marchandise devrait √™tre obligatoire.... bref... super d√©√ßue !"", 'Tr√®s bien', 'Pour des skis de 2022 pas en tr√®s bon √©tat et le fartage est tr√®s moyen']"
5,https://freeglisse.com/fr/ski-occasion-junior-pas-cher/18084-ski-occasion-junior-toutes-marques-a-29-fixations.html,4.5/5,2.0,0,0,0,1,1,"['skis en bon √©tat, peu utilis√©s, assez rapides', 'Ancien mais ok']"
6,https://freeglisse.com/fr/ski-occasion-junior-pas-cher/1795-ski-occasion-junior-toutes-marques-a-19-fixations.html,4.2/5,17.0,1,0,2,5,9,"['impeccable', 'Conforme', 'Skis propres avec usure normale', 'Conforme au prix.', 'Bien', 'Skis r√©gl√© pour la chaussure, fartage est d√©j√† fait.', 'Ski moyen', 'Bon mat√©riel !!', ""Agr√©ablement surpris, pour le prix franchement c'est tr√®s correct."", ""Bon produit fatigu√© au niveaux esth√©tique mais on s'en doutais vu que c'c'est du ski de location"", 'Semelles en tr√®s bon √©tat', ""Tr√®s bien c'est compl√©tement adapt√© pour d√©buter et d'un tr√®s bon rapport qualit√© prix . Je recommande.\r\nAntoine"", 'Mauvais √©tat, Tr√®s d√©√ßue', 'Les ski sont impeccables pour ce prix.', 'Tres bien', 'Fartage un peu rapide et ski ab√Æm√© (pr√©cis√© dans la description)', ""Se sont des skis d'occasions donc un peu abim√©s""]"
7,https://freeglisse.com/fr/ski-de-fond-occasion-alternatif-norme-sns/15483-ski-de-fond-occasion-toutes-marques-fixation-vieux-sns.html,4.6/5,5.0,0,0,0,2,3,"['Etat correct', 'bien', 'Parfait', 'Tbien', 'Le mat√©riel est en tr√®s bon √©tat.']"
8,https://freeglisse.com/fr/ski-de-fond-occasion-alternatif-norme-sns/18999-ski-de-fond-occasion-toutes-marques-fixation-sns-profil.html,,,0,0,0,0,0,[]
9,https://freeglisse.com/fr/ski-occasion-junior-loisir/14329-ski-junior-rossignol-star-wars-occasion-fixations.html,4.4/5,9.0,0,1,1,0,7,"['Sehr guter Zustand', 'presques neufs !!', 'Livraison super rapide.\r\nUn peu d√©√ßu de l √©tat du mat√©riel par rapport aux photos du site \r\nJe pensais qu en cat a le mat√©riel serait en meilleur √©tat.\r\nJe n imagine meme pas la cat b ou c...\r\nApr√®s il ne.faut oublier que c est de l occasion', 'Skis correspondant au descriptif', ""Paire de ski command√©e qualit√© A, or l'un des skis √©tait ray√© sur toute la longueur de la semelle (d√ª √† un caillou tr√®s certainement).\r\nMalheureusement, c'√©tait ma 1√®re commande aupr√®s de ce site et ce sera la derni√®re.\r\nJe ne le conseille pas."", 'Super etat', 'Tr√®s bon ski, fixations nickel', 'Bon √©tat...', 'As expected.']"
10,https://freeglisse.com/fr/ski-occasion-femme-pas-cher/16352-ski-occasion-femme-toutes-marques-tous-modeles-a-29-fixations.html,4/5,10.0,1,0,1,4,4,"['no lo puedo valorar', 'super rapport qualit√© prix pour d√©buter', 'Super achat pour 29‚Ç¨ je m‚Äôattendais √† des skis beaucoup plus anim√©s. Ils sont en bon √©tat. Pour un prix d√©fiant toute concurrence. Avec les frais de ports deux fois moins cher qu‚Äôune semaine de location pour des skis eco sans chaussures.', 'Parfait', ""Pour un √©tat de cat√©gorie A, j'ai re√ßu des skis plut√¥t de cat√©gorie C. Ils ne veulent pas admettre"", 'parfait', 'Super', 'Super dans un √©tat tr√®s correct pour son prix', 'Pas encore utilis√© mais les skis sont en √©tat correct vu le prix', ""29‚Ç¨ LA PAIRE DE SKIS ROSSIGNOL EN B.E PRETS A SKIER AVEC LES CHAUSSURES SALOMON EN T.B.E A 25‚Ç¨ ET DES BATONS A 6‚Ç¨ SOIT MOINS QU' 1 SEMAINE EN LOCATION= SUPER RENTABLE SACHANT QU ON VA TS LES ANS AU SKI!  MERCI A VOUS""]"
11,https://freeglisse.com/fr/ski-occasion-adulte-pas-cher/13078-ski-occasion-salomon-tous-modeles-a-29-fixations.html,4.8/5,8.0,0,0,0,2,6,"['Surpris par le bon √©tat des skis', 'Parfait', 'parfait', 'Bravo, conforme √† notre attente', 'good', 'Mat√©riel pr√©sentant des d√©fauts esth√©tique mais conforme √† la description. Parfait pour le prix', 'Une belle surprise. Mat√©riel performant et en bon √©tat.', 'bon prix']"
12,https://freeglisse.com/fr/ski-occasion-adulte-all-mountain/18284-ski-occasion-dynastar-speed-zone-4x4-78-fixations.html,,,0,0,0,0,0,[]
13,https://freeglisse.com/fr/ski-occasion-junior-loisir/14533-ski-occasion-junior-dynastar-team-speed-fixations.html,4.6/5,9.0,0,0,1,2,6,"['Conforme √† ce qui est annonc√©', 'Producto conforme a la descripci√≥n y correctamente preparado', '√† tester mais visuellement tr√®s bien', 'Bien', '.super', 'Skis en √©tat tr√®s moyen.', 'Bon √©tat et bien pr√©par√©', 'Conforme', 'Comforme √† la description']"
14,https://freeglisse.com/fr/ski-de-fond-occasion-alternatif-norme-sns/18972-ski-de-fond-occasion-rossignol-progress-fixaxion-sns-profil.html,,,0,0,0,0,0,[]
15,https://freeglisse.com/fr/ski-de-fond-occasion-alternatif-norme-nnn/18914-ski-de-fond-occasion-fischer-cruiser-crown-fixation-nnn.html,,,0,0,0,0,0,[]
16,https://freeglisse.com/fr/ski-occasion-adulte-pas-cher/13097-ski-occasion-atomic-tous-modele-a-29-fixations.html,5/5,1.0,0,0,0,0,1,['Tr√®s bon √©tat nous allons les tester le 3 f√©vrier !!!']
17,https://freeglisse.com/fr/ski-occasion-adulte-loisir/18536-ski-occasion-dynastar-legend-x-75-fixations.html,,,0,0,0,0,0,[]
18,https://freeglisse.com/fr/ski-occasion-femme-all-mountain/17203-ski-occasion-k2-thrilluvit-85-fixations.html,,,0,0,0,0,0,[]
19,https://freeglisse.com/fr/ski-occasion-adulte-all-mountain/18381-ski-occasion-dynastar-speed-zone-4x4-82-fixations.html,,,0,0,0,0,0,[]
20,https://freeglisse.com/fr/ski-occasion-femme-all-mountain/18929-ski-occasion-atomic-cloud-q9-fixations.html,5/5,1.0,0,0,0,0,1,['Idem']
21,https://freeglisse.com/fr/ski-occasion-junior-pas-cher/16346-ski-fille-occasion-junior-toutes-marques-a-29-fixations.html,,,0,0,0,0,0,[]
22,https://freeglisse.com/fr/ski-occasion-adulte-pas-cher/13090-ski-occasion-rossignol-tous-modele-a-29-fixations.html,4.3/5,6.0,0,0,0,4,2,"['Parfait!', 'Superbe', ""Mat√©riel conforme au degr√© d'usure annonc√©"", 'Produit conforme √† la commande, la semelle des skis a √©t√© refaite, livr√© rapidement üëçüèª', 'bon prix', 'super']"
23,https://freeglisse.com/fr/ski-occasion-adulte-pas-cher/13081-ski-occasion-adulte-k2-tous-modeles-a-29-fixations.html,4/5,1.0,0,0,0,1,0,['Me semblent bien mais pas essay√©. Livraison rapide']
24,https://freeglisse.com/fr/ski-occasion-junior-pas-cher/16346-ski-fille-occasion-junior-toutes-marques-a-29-fixations.html,,,0,0,0,0,0,[]
25,https://freeglisse.com/fr/ski-occasion-adulte-performance/18966-ski-occasion-rossignol-strato-edition-2023-fixations.html,,,0,0,0,0,0,[]
26,https://freeglisse.com/fr/ski-occasion-adulte-all-mountain/16751-ski-occasion-nordica-navigator-85-fixations.html,,,0,0,0,0,0,[]
27,https://freeglisse.com/fr/ski-occasion-adulte-pas-cher/13096-ski-occasion-dynastar-tous-modele-a-29-fixations.html,4.6/5,5.0,0,0,1,0,4,"['Mat√©riel un peu vieillot en Dynastar, autant voir sur les autres marques', 'Classe C en bon √©tat g√©n√©ral.', 'Top produit !', 'super', 'tres rapide tout est ok']"
28,https://freeglisse.com/fr/ski-occasion-adulte-pas-cher/13083-ski-occasion-volkl-tous-modele-a-29-fixations.html,5/5,1.0,0,0,0,0,1,['Nickel']
29,https://freeglisse.com/fr/ski-occasion-femme-performance/15968-ski-occasion-fischer-brilliant-my-turn-fixations.html,,,0,0,0,0,0,[]
30,https://freeglisse.com/fr/ski-occasion-adulte-pas-cher/13085-ski-occasion-elan-tous-modele-a-29-fixations.html,,,0,0,0,0,0,[]
31,https://freeglisse.com/fr/ski-occasion-freeride/18418-ski-occasion-volkl-secret-fixations.html,,,0,0,0,0,0,[]
32,https://freeglisse.com/fr/ski-occasion-junior-loisir/18333-ski-occasion-junior-dynastar-slider-fixations.html,,,0,0,0,0,0,[]
33,https://freeglisse.com/fr/ski-occasion-junior-performance/12512-ski-occasion-junior-head-supershape-fixations.html,5/5,1.0,0,0,0,0,1,"[""Semelles et carres en bon √©tat c'est le plus important...""]"
34,https://freeglisse.com/fr/ski-occasion-junior-loisir/14483-ski-occasion-junior-tecnopro-team-pulse-fixations.html,4/5,1.0,0,0,0,1,0,['Ski comme pr√©vu sur le site']
35,https://freeglisse.com/fr/ski-occasion-freeride/18415-ski-occasion-kastle-fx-96-fixations.html,,,0,0,0,0,0,[]
36,https://freeglisse.com/fr/ski-occasion-freestyle/18382-ski-occasion-armada-arv-84-fixations.html,,,0,0,0,0,0,[]
37,https://freeglisse.com/fr/ski-occasion-femme-all-mountain/17099-ski-occasion-dynastar-intense-4x4-78-fixations.html,,,0,0,0,0,0,[]
38,https://freeglisse.com/fr/ski-occasion-junior-performance/18548-ski-occasion-junior-salomon-s-race-jr-fixations.html,4/5,4.0,0,0,2,0,2,"['Dommage que les d√©fauts ne soient pas mieux d√©cris ou en photo', 'Livraison rapide et sans souci par contre d√©√ßu par les skis. Pour une qualit√© A ils sont pas top!', 'Conforme', 'Bien']"
39,https://freeglisse.com/fr/ski-occasion-adulte-loisir/13390-ski-occasion-volkl-rtm-74-fixations.html,3.5/5,2.0,0,0,1,1,0,"['Tr√®s bien', ""Nombreux impacts sur le dessus, semelle et carres en √©tat moyen. Fixation d'une marque connue.""]"
40,https://freeglisse.com/fr/ski-occasion-junior-freeride-freestyle/11479-ski-occasion-junior-nordica-ace-of-spades-fixations.html,,,0,0,0,0,0,[]
41,https://freeglisse.com/fr/ski-occasion-junior-loisir/14269-ski-occasion-junior-tecnopro-team-pulse-fixations.html,4.3/5,3.0,0,0,1,0,2,"['Super', 'Correct', 'Nickel']"
42,https://freeglisse.com/fr/ski-occasion-femme-all-mountain/18638-ski-occasion-head-kore-93-w-fixations.html,,,0,0,0,0,0,[]
43,https://freeglisse.com/fr/ski-occasion-adulte-performance/17721-ski-occasion-fischer-xtr-race-fixations.html,5/5,2.0,0,0,0,0,2,"['Topüëç', 'Tr√®s content de mon choix, qualit√© B mais qui √† mon avis sont en qualit√© A‚Ä¶.']"
44,https://freeglisse.com/fr/ski-occasion-femme-performance/17653-ski-occasion-rossignol-nova-8-ca-2022-fixations.html,4/5,1.0,0,0,0,1,0,"['Pour moi le A devrait se diff√©rencier en plus avec un ""+"" et un"" -"" exemple : A+ , dans ce cas j\'aurais not√© cette paire de ski en A- voir B+ . Je pense que la on serait parfait']"
45,https://freeglisse.com/fr/ski-occasion-adulte-performance/18668-ski-occasion-nordica-dobermann-spitfire-crx-fixations.html,,,0,0,0,0,0,[]
46,https://freeglisse.com/fr/ski-occasion-adulte-loisir/18711-ski-occasion-salomon-s-force-x6-fixations.html,4/5,1.0,0,0,0,1,0,"['Mat√©riel conforme √† la description. Carres affut√©s, semelles en parfait √©tat, fartage OK... Impatient de les tester sur les pistes']"
47,https://freeglisse.com/fr/ski-occasion-freestyle/14701-ski-occasion-atomic-punx-5-fixations.html,4.7/5,3.0,0,0,0,1,2,"['Skis are like described', ""√âtat correct manque juste quelque chose sur l'arri√®re des skis car il y a 2 trous"", 'Estupendo.']"
48,https://freeglisse.com/fr/ski-occasion-adulte-pas-cher/13086-ski-occasion-scott-tous-modele-a-29-fixations.html,5/5,1.0,0,0,0,0,1,"['Autre marque re√ßue (marqu√© inconnue) mais fonctionnels malgr√© la classe C. J\'ai re√ßu un mod√®le a spatule large, a priori d\'une gamme de loueur un peu moins ""standard""']"
49,https://freeglisse.com/fr/ski-occasion-femme-performance/17653-ski-occasion-rossignol-nova-8-ca-2022-fixations.html,4/5,1.0,0,0,0,1,0,"['Pour moi le A devrait se diff√©rencier en plus avec un ""+"" et un"" -"" exemple : A+ , dans ce cas j\'aurais not√© cette paire de ski en A- voir B+ . Je pense que la on serait parfait']"
50,https://freeglisse.com/fr/ski-occasion-femme-performance/18922-ski-occasion-rossignol-nova-8-ca-2023-fixations.html,3.5/5,2.0,0,0,1,1,0,"[""Pris an qualit√© A, pr√©sente bien les traces d'usage d'une saison, beaucoup de griffes et des quelques impacts sur le dessus du ski mais rien de bien m√©chant. Hate de les essayer"", 'Rapport qualit√© prix a peine correct pour une qualit√© A ; trop d‚Äôimpacts sur les bords, couleur pass√©e , de vieux skis;  reste √† les essayer tr√®s prochainement']"
51,https://freeglisse.com/fr/ski-occasion-freeride/14644-ski-occasion-dynastar-cham-87-fixations.html,3/5,2.0,0,0,2,0,0,"[""-Manque d'informations plus pr√©cise sur l'√©tat g√©n√©ral du mat√©riel sur le site, juste un r√©capitulatif g√©n√©ralis√© sur la notation A,B et C.\r\n-A r√©ception j'aurai plut√¥t mis la lettre B (A sur le site), semelle et care OK, fixation et dessus de ski avec bon nombres de rayures. Maintenant c'est qu'√† 'usage que je verrais si c'est pleinement OK."", ""je ne suis pas habitu√©, les skis sont pas mal ray√©s et d√©t√©rior√©s sur le dessus et en tr√®s bon √©tat dessous et c'est bien l√† l'essentiel""]"
52,https://freeglisse.com/fr/ski-occasion-adulte-performance/13805-ski-occasion-rossignol-radical-9-gs-worldcup-ti-fixations.html,,,0,0,0,0,0,[]
53,https://freeglisse.com/fr/ski-occasion-adulte-performance/12945-ski-occasion-head-shape-tx-fixations.html,4/5,2.0,0,0,1,0,1,"['Troppo usurati anche per un grado C', ""Produit conforme plus qu'√† aller l'essayer""]"
54,https://freeglisse.com/fr/ski-de-fond-occasion-skating-norme-sns/18996-ski-de-fond-occasion-junior-fischer-rcr-skatecut-fixation-sns-pilot.html,,,0,0,0,0,0,[]
55,https://freeglisse.com/fr/ski-occasion-adulte-performance/17058-ski-occasion-nordica-transfire-rtx-fixations.html,,,0,0,0,0,0,[]
56,https://freeglisse.com/fr/ski-occasion-junior-freeride-freestyle/17817-ski-occasion-junior-salomon-shogun-jr-fixations.html,,,0,0,0,0,0,[]
57,https://freeglisse.com/fr/ski-occasion-junior-performance/15523-ski-occasion-junior-fischer-rc4-race-fixations.html,,,0,0,0,0,0,[]
58,https://freeglisse.com/fr/ski-occasion-adulte-performance/10713-ski-occasion-rossignol-9-gs-worldcup-ti-fixations.html,,,0,0,0,0,0,[]
59,https://freeglisse.com/fr/ski-occasion-adulte-all-mountain/18598-ski-occasion-elan-amphibio-84-ti-fixations.html,,,0,0,0,0,0,[]
60,https://freeglisse.com/fr/ski-occasion-junior-loisir/12420-ski-occasion-junior-dynastar-team-cham-fixations.html,4.2/5,6.0,0,0,1,3,2,"['Conforme √† la description', 'Paire de ski junior qualite A ,\r\nDans l ensemble √©tat correct , semelle et carre parfait .\r\n√âtat g√©n√©ral du ski et fixation moyen ( ski de location ).\r\nJe m attendais √† mieux pour une qualit√© A .\r\nRapport qualit√© /prix correct', 'Commande re√ßue tr√®s rapidement, skis fart√©s et aff√ªt√©s. Rien √† redire.', 'Fixe bien r√©gl√©e par rapport aux chaussures. Attention √† la force sur les dix entre 4 et 5... Pour enfants...\r\nUne bonne pratique serait de mettre a 1 av et ar syst√©matiquement üôÇ.', 'Semelles des ski en √©tat impeccable.', ""L'√©tat correspond √† la description""]"
61,https://freeglisse.com/fr/ski-occasion-adulte-loisir/18550-ski-occasion-atomic-performer-xt-fixations.html,4/5,1.0,0,0,0,1,0,['Certains  d√©fauts  auraient  put √™tre mentionn√©s. Livraison rapide .']
62,https://freeglisse.com/fr/ski-occasion-adulte-performance/14076-ski-occasion-nordica-dobermann-spitfire-pro-fixations.html,,,0,0,0,0,0,[]
63,https://freeglisse.com/fr/ski-occasion-adulte-pas-cher/13088-ski-occasion-movement-tous-modele-a-29-fixations.html,,,0,0,0,0,0,[]
64,https://freeglisse.com/fr/ski-occasion-adulte-all-mountain/14637-ski-occasion-atomic-vantage-86c-fixations.html,,,0,0,0,0,0,[]
65,https://freeglisse.com/fr/ski-occasion-junior-loisir/12462-ski-occasion-junior-tecnopro-team-pulse-fixations.html,5/5,2.0,0,0,0,0,2,"['excellent', 'Tr√®s bien. Conforme √† la description et prix juste.']"
66,https://freeglisse.com/fr/ski-occasion-adulte-performance/17053-ski-occasion-rossignol-react-6-compact-fixations.html,4.2/5,13.0,1,1,1,1,9,"['Perfect', 'parfaitement conforme √† nos attentes, tr√©s bon √©tat.', 'Tr√®s bon etat et livraison plus que rapide ( le lendemain)', 'Pour Moi  pas der Qualite A mais Qualite B', 'Good conditon.', 'tr√®s bon √©tat', 'Mauvaise paire de ski re√ßu', 'Conforme', 'Conforme', 'Pour cat√©gorie √Ä l‚Äô√©tat des skis est moyen ‚Ä¶ un peu de cosm√©tique serait bien', ""Livraison rapide et pr√©cise.\r\nQualit√© conforme √† l'attendue."", 'Qualit√© conforme √† la description l√©g√®re rayures sur le dessus semelle nickel', 'Excellent produit']"
67,https://freeglisse.com/fr/ski-occasion-adulte-performance/17758-ski-occasion-fischer-rc4-the-curv-fixations.html,3.5/5,2.0,0,0,1,1,0,"[""si vous demandez pointure et poid je suppose que c'est pour avoir la possibilit√© de pr√©r√©gler les fixations et ce n'est pas le cas"", 'bien. Produit correspondant']"
68,https://freeglisse.com/fr/ski-occasion-adulte-loisir/12615-ski-occasion-rossignol-experience-75-carbon-fixations.html,3.9/5,9.0,1,1,0,3,4,"['Il prodotto in ottimo stato, la qualit√† A rispecchia assolutamente le aspettative.', 'Spatule en bon √©tat, par contre dessus avec √ânorm√©ment d impacts et entierements ray√©s, plut√¥t une qualit√© c que b', 'Pas encore utilis√© mais ont l air tres bien', 'Bastante bien.', 'Tres bien', '1er choix qui corresponds √† du 2ieme pour moi. Beaucouo de rayures sur les skis.', 'tr√®s bon ski pour d√©butant, virage facil', 'Bien', 'Parfzit']"
69,https://freeglisse.com/fr/ski-occasion-adulte-all-mountain/14171-ski-occasion-dynastar-legend-x-80-fixations.html,5/5,1.0,0,0,0,0,1,['Conforme √† mes attentes']
70,https://freeglisse.com/fr/ski-occasion-freestyle/16555-ski-occasion-elan-sling-shot-fixations.html,4.5/5,2.0,0,0,0,1,1,"['RAS \r\n\r\nQuelques accros sur le dessus et semelles nickelles', 'Parfait']"
71,https://freeglisse.com/fr/ski-occasion-freestyle/17827-ski-occasion-volkl-alley-fixations.html,4/5,1.0,0,0,0,1,0,['Produit conforme √† la photo et la description ( ce n‚Äôest pas du neuf).\r\nLes renseignements sur l‚Äôutilisateur (taille de pied et poids)  bien pris en compte.']
72,https://freeglisse.com/fr/ski-occasion-adulte-loisir/18700-ski-occasion-dynastar-legend-75-r-fixations.html,,,0,0,0,0,0,[]
73,https://freeglisse.com/fr/ski-occasion-junior-performance/15523-ski-occasion-junior-fischer-rc4-race-fixations.html,,,0,0,0,0,0,[]
74,https://freeglisse.com/fr/ski-occasion-femme-loisir/18545-ski-occasion-blizzard-elevate-77-fixations.html,,,0,0,0,0,0,[]
75,https://freeglisse.com/fr/ski-occasion-adulte-all-mountain/14637-ski-occasion-atomic-vantage-86c-fixations.html,,,0,0,0,0,0,[]
76,https://freeglisse.com/fr/ski-occasion-freestyle/17827-ski-occasion-volkl-alley-fixations.html,4/5,1.0,0,0,0,1,0,['Produit conforme √† la photo et la description ( ce n‚Äôest pas du neuf).\r\nLes renseignements sur l‚Äôutilisateur (taille de pied et poids)  bien pris en compte.']
77,https://freeglisse.com/fr/ski-occasion-adulte-all-mountain/18598-ski-occasion-elan-amphibio-84-ti-fixations.html,,,0,0,0,0,0,[]
78,https://freeglisse.com/fr/ski-occasion-adulte-performance/10713-ski-occasion-rossignol-9-gs-worldcup-ti-fixations.html,,,0,0,0,0,0,[]
79,https://freeglisse.com/fr/ski-occasion-junior-performance/14184-ski-occasion-junior-elan-race-rc-waveflex-fixations.html,5/5,2.0,0,0,0,0,2,"['Pas nouveau mais bonne condition.', 'pas encore essay√© - aspect visuel bon']"
80,https://freeglisse.com/fr/ski-occasion-femme-all-mountain/18649-ski-occasion-fischer-my-pro-mt-80-fixations.html,,,0,0,0,0,0,[]
81,https://freeglisse.com/fr/ski-occasion-femme-all-mountain/10686-ski-occasion-scott-luna-fixations.html,,,0,0,0,0,0,[]
82,https://freeglisse.com/fr/ski-occasion-adulte-performance/18363-ski-occasion-lacroix-pure-fixations.html,4/5,1.0,0,0,0,1,0,['√âtat en rapport avec description \r\nPas encore essay√©s']
83,https://freeglisse.com/fr/ski-occasion-adulte-performance/18372-ski-occasion-volkl-deacon-74-fixations.html,,,0,0,0,0,0,[]
84,https://freeglisse.com/fr/ski-occasion-adulte-performance/17209-ski-occasion-head-supershape-imagnum-fixations.html,4/5,1.0,0,0,0,1,0,['Top!']
85,https://freeglisse.com/fr/ski-occasion-adulte-performance/17170-ski-occasion-atomic-redster-g9-fixations.html,,,0,0,0,0,0,[]
86,https://freeglisse.com/fr/ski-occasion-adulte-loisir/14627-ski-occasion-elan-element-fixations.html,,,0,0,0,0,0,[]
87,https://freeglisse.com/fr/ski-occasion-adulte-loisir/15137-ski-occasion-volkl-rtm-74-fixation.html,,,0,0,0,0,0,[]
88,https://freeglisse.com/fr/ski-occasion-adulte-performance/16426-ski-occasion-head-worldcup-rebels-irace-fixations.html,,,0,0,0,0,0,[]
89,https://freeglisse.com/fr/ski-occasion-adulte-performance/15991-ski-occasion-head-ishape-rush-fixations.html,3/5,1.0,0,0,1,0,0,"['Considerando che si tratta di un prodotto usato anzi usatissimo mi aspettavo dei difetti estetici e qualche segno sulle solette, ma che addirittura nel bordo della copertura superiore lo strato di alluminio sia abbozzato e sollevato non me lo aspettavo.\r\nDirei di fare attenzione ai tecnici responsabili della selezione perch√© per non √® da categoria B']"
90,https://freeglisse.com/fr/ski-occasion-adulte-all-mountain/11927-ski-occasion-salomon-x-wing-8-fixations.html,5/5,1.0,0,0,0,0,1,['Genial!']
91,https://freeglisse.com/fr/ski-occasion-junior-loisir/16851-ski-occasion-junior-tecnopro-flyte-jr-fixations.html,,,0,0,0,0,0,[]
92,https://freeglisse.com/fr/ski-test-all-mountain/15020-ski-test-kastle-fx-95-fixations.html,,,0,0,0,0,0,[]
93,https://freeglisse.com/fr/ski-occasion-adulte-performance/13052-ski-occasion-lacroix-lx-gravity-fixations.html,4/5,3.0,0,0,1,1,1,"['Pour une qualit√© A, je m‚Äôattendais √† une meilleure pr√©sentation. A voir √† l‚Äôusage.', 'Tr√®s beau produit √† un prix imbattable !', 'Super ski polyvalent \r\nTr√®s bonne pr√©paration des spatules mais fixations bien fatigu√©es avec jeu lat√©ral dans les m√¢choires avant, je vais devoir les remplacer car on perd clairement en contr√¥le.\r\nMais pour le prix honn√™tement je suis plut√¥t satisfait']"
94,https://freeglisse.com/fr/ski-occasion-freeride/17648-ski-occasion-rossignol-blackops-sender-2022-fixations.html,,,0,0,0,0,0,[]
95,https://freeglisse.com/fr/ski-occasion-freeride/17518-ski-occasion-salomon-rocker-fixations.html,,,0,0,0,0,0,[]
96,https://freeglisse.com/fr/ski-occasion-adulte-loisir/15181-ski-occasion-head-rev-78-fixations.html,4/5,2.0,0,0,1,0,1,"['les coups presents sont un peu plus prononc√©s que definis dans la description de la qualit√©', 'Produit correspondant au descriptif. Mon fils a h√¢te de les essayer. Esp√©rons cette ann√©e.']"
97,https://freeglisse.com/fr/ski-occasion-adulte-loisir/17164-ski-occasion-fischer-my-xtr-mt-77-fixations.html,,,0,0,0,0,0,[]
98,https://freeglisse.com/fr/ski-occasion-adulte-all-mountain/11927-ski-occasion-salomon-x-wing-8-fixations.html,5/5,1.0,0,0,0,0,1,['Genial!']
99,https://freeglisse.com/fr/ski-occasion-adulte-all-mountain/13566-ski-occasion-kastle-mx-83-fixations.html,5/5,1.0,0,0,0,0,1,"['Material conforme a lo especificado. Buena relaci√≥n calidad precio. Los esquis aun no los he probado, por lo que no puedo valorarlos. Se agradecer√≠a que se especificase tambi√©n el modelo de fijaci√≥n (el producto viene de tiendas de alquiler, y las fijaciones parecen algo distintas a las de venta en tienda']"
100,https://freeglisse.com/fr/ski-occasion-adulte-all-mountain/14173-ski-occasion-fischer-pro-mtn-80-ti-fixations.html,3/5,1.0,0,0,1,0,0,"[""je pensais qu'ils seraient moins endommag√©s""]"
101,https://freeglisse.com/fr/ski-occasion-adulte-all-mountain/14296-ski-occasion-head-monster-78-fixation.html,2.3/5,3.0,1,1,0,1,0,"['Bon √©tat envoi rapide', 'Les skis sont en tr√®s tr√®s mauvais √©tat, non seulement tr√®s ray√©s, mais avec de gros impacts de structure. De plus, ils sont kaki au lieu de noir !!\r\nTr√®s d√©√ßu.', 'Ski en tr√®s mauvais √©tat']"
102,https://freeglisse.com/fr/ski-occasion-adulte-all-mountain/14344-ski-occasion-movement-jam-er-fixation.html,,,0,0,0,0,0,[]
103,https://freeglisse.com/fr/ski-occasion-adulte-all-mountain/14380-ski-occasion-scott-slight-83-fixations.html,,,0,0,0,0,0,[]
104,https://freeglisse.com/fr/ski-occasion-adulte-all-mountain/16815-ski-occasion-kastle-mx-84-fixations.html,,,0,0,0,0,0,[]
105,https://freeglisse.com/fr/ski-occasion-adulte-all-mountain/18439-ski-occasion-dynastar-m-freeski-fixations.html,,,0,0,0,0,0,[]
106,https://freeglisse.com/fr/ski-occasion-adulte-all-mountain/18549-ski-occasion-dps-cassiar-foundation-f82-fixations.html,,,0,0,0,0,0,[]
107,https://freeglisse.com/fr/ski-occasion-adulte-all-mountain/18917-ski-occasion-rossignol-experience-86-basalt-2023-fixations.html,5/5,1.0,0,0,0,0,1,['Comme neuf']
108,https://freeglisse.com/fr/ski-occasion-adulte-performance/10867-ski-occasion-atomic-redster-g9-fixations.html,4.3/5,3.0,0,0,0,2,1,"['Leggermente pi√π rovinati di quanto mi aspettassi sulla parte superiore ma nel complesso bene.', 'Choix B, pas cher, mais tout de m√™me bien ab√Æm√© sur le dessus. Un petit nettoyage aurait aussi √©t√© bienvenu.', 'Parfait']"
109,https://freeglisse.com/fr/ski-occasion-adulte-performance/10938-ski-occasion-salomon-x-max-x10-fixations.html,5/5,2.0,0,0,0,0,2,"['Tr√®s bon √©tat ,semelle et carres  impeccable.', 'Skis en tr√®s bon √©tat.']"
110,https://freeglisse.com/fr/ski-occasion-adulte-performance/11422-ski-occasion-dynastar-cr-74-fixations.html,,,0,0,0,0,0,[]
111,https://freeglisse.com/fr/ski-occasion-adulte-performance/11431-ski-occasion-volant-pulse-white-fixations.html,,,0,0,0,0,0,[]
112,https://freeglisse.com/fr/ski-occasion-adulte-performance/13052-ski-occasion-lacroix-lx-gravity-fixations.html,4/5,3.0,0,0,1,1,1,"['Pour une qualit√© A, je m‚Äôattendais √† une meilleure pr√©sentation. A voir √† l‚Äôusage.', 'Tr√®s beau produit √† un prix imbattable !', 'Super ski polyvalent \r\nTr√®s bonne pr√©paration des spatules mais fixations bien fatigu√©es avec jeu lat√©ral dans les m√¢choires avant, je vais devoir les remplacer car on perd clairement en contr√¥le.\r\nMais pour le prix honn√™tement je suis plut√¥t satisfait']"
113,https://freeglisse.com/fr/ski-occasion-adulte-performance/14061-ski-occasion-nordica-dobermann-spitfire-crx-fixations.html,5/5,1.0,0,0,0,0,1,"[""Ski vraiment pas cher, des impacts prononc√©s sur le dessus mais c'√©tait pr√©visible pour de la qualit√© C. surface de glisse et carres en bon tat""]"
114,https://freeglisse.com/fr/ski-occasion-adulte-performance/14608-ski-occasion-atomic-redster-s9-fixations.html,,,0,0,0,0,0,[]
115,https://freeglisse.com/fr/ski-occasion-adulte-performance/15190-ski-occasion-rossignol-strato-st-fixations.html,4/5,2.0,0,0,1,0,1,"['Tr√®s d√©√ßu de la qualit√© du produit re√ßu.\r\nPour une qualit√© ¬´\xa0B\xa0¬ª j‚Äôesp√©rai mieux. La semelle et les carres sont renov√©s, mais les skis et fixations sont tr√®s endommag√©s‚Ä¶ r√©novation obligatoire et faite.', ""premi√®re paire re√ßue pas dans l'√©tat attendu, aucun probl√®me, retour et exp√©dition d'une nouvelle paire rapidement, de vrais professionnels √† l'√©coute.\r\n je recommande !""]"
116,https://freeglisse.com/fr/ski-occasion-adulte-performance/15991-ski-occasion-head-ishape-rush-fixations.html,3/5,1.0,0,0,1,0,0,"['Considerando che si tratta di un prodotto usato anzi usatissimo mi aspettavo dei difetti estetici e qualche segno sulle solette, ma che addirittura nel bordo della copertura superiore lo strato di alluminio sia abbozzato e sollevato non me lo aspettavo.\r\nDirei di fare attenzione ai tecnici responsabili della selezione perch√© per non √® da categoria B']"
117,https://freeglisse.com/fr/ski-occasion-adulte-performance/16426-ski-occasion-head-worldcup-rebels-irace-fixations.html,,,0,0,0,0,0,[]
118,https://freeglisse.com/fr/ski-occasion-adulte-performance/16753-ski-occasion-fischer-rc-one-77-xtr-fixation.html,5/5,1.0,0,0,0,0,1,['Cumplen las caracter√≠sticas indicadas en la descripci√≥n. Solo queda probarlos.']
119,https://freeglisse.com/fr/ski-occasion-adulte-performance/16860-ski-occasion-dps-foundation-uschi-87-fixations.html,,,0,0,0,0,0,[]
120,https://freeglisse.com/fr/ski-occasion-adulte-performance/17116-ski-occasion-rossignol-pursuit-600-cam-fixations.html,4/5,1.0,0,0,0,1,0,"['Skis en bon √©tat, ravi de ceux ci']"
121,https://freeglisse.com/fr/ski-occasion-adulte-performance/17170-ski-occasion-atomic-redster-g9-fixations.html,,,0,0,0,0,0,[]
122,https://freeglisse.com/fr/ski-occasion-adulte-performance/17209-ski-occasion-head-supershape-imagnum-fixations.html,4/5,1.0,0,0,0,1,0,['Top!']
123,https://freeglisse.com/fr/ski-occasion-adulte-performance/17263-ski-occasion-head-v-shape-lyt-v10-fixations.html,5/5,1.0,0,0,0,0,1,['Skis are like described']
124,https://freeglisse.com/fr/ski-occasion-adulte-performance/17975-ski-occasion-fischer-rc4-worldcup-sc-fixations.html,,,0,0,0,0,0,[]
125,https://freeglisse.com/fr/ski-occasion-adulte-performance/18363-ski-occasion-lacroix-pure-fixations.html,4/5,1.0,0,0,0,1,0,['√âtat en rapport avec description \r\nPas encore essay√©s']
126,https://freeglisse.com/fr/ski-occasion-adulte-performance/18372-ski-occasion-volkl-deacon-74-fixations.html,,,0,0,0,0,0,[]
127,https://freeglisse.com/fr/ski-occasion-adulte-performance/18398-ski-occasion-fischer-brilliant-the-curv-fixations.html,4/5,1.0,0,0,0,1,0,['Pas de remarque particuli√®re. \r\nProduit et √©tat conforme √† la description']
128,https://freeglisse.com/fr/ski-occasion-adulte-performance/18670-ski-occasion-head-prestige-fixations.html,1/5,1.0,1,0,0,0,0,"['√âtat d√©plorable du mat√©riel pour une qualit√© A ! Par ailleurs, les couleurs et les d√©g√¢ts ne correspondent pas aux photos sur le site.']"
129,https://freeglisse.com/fr/ski-occasion-adulte-performance/18674-ski-occasion-fischer-rc4-my-curv-fixations.html,,,0,0,0,0,0,[]
130,https://freeglisse.com/fr/ski-occasion-adulte-performance/18685-ski-occasion-kastle-rx-12-sl-fixations.html,,,0,0,0,0,0,[]
131,https://freeglisse.com/fr/ski-occasion-adulte-performance/18881-ski-occasion-fischer-my-curv-fixations.html,4/5,2.0,0,0,1,0,1,"['je m attendais a un meilleur √©tat pour du cat√©gorie A .le dessus des skis est assez abim√© \r\nSinon ces Fisher My curv sont vraiment une tuerie pour carver, et les bosses .', 'Guter Zustand']"
132,https://freeglisse.com/fr/ski-test-all-mountain/15020-ski-test-kastle-fx-95-fixations.html,,,0,0,0,0,0,[]
133,https://freeglisse.com/fr/ski-test-all-mountain/16856-ski-test-zag-h-96-fixations.html,,,0,0,0,0,0,[]
134,https://freeglisse.com/fr/ski-test-all-mountain/17433-ski-test-zag-h-105-fixations.html,,,0,0,0,0,0,[]
135,https://freeglisse.com/fr/ski-occasion-freeride/15234-ski-occasion-k2-pinnacle-95-fixation.html,,,0,0,0,0,0,[]
136,https://freeglisse.com/fr/ski-occasion-freeride/15989-ski-occasion-dynastar-legend-94-fixations.html,,,0,0,0,0,0,[]
137,https://freeglisse.com/fr/ski-occasion-freeride/17445-ski-occasion-movement-go-fast-fixation.html,,,0,0,0,0,0,[]
138,https://freeglisse.com/fr/ski-occasion-freeride/17518-ski-occasion-salomon-rocker-fixations.html,,,0,0,0,0,0,[]
139,https://freeglisse.com/fr/ski-occasion-freeride/17648-ski-occasion-rossignol-blackops-sender-2022-fixations.html,,,0,0,0,0,0,[]
140,https://freeglisse.com/fr/ski-occasion-freeride/18356-ski-occasion-exonde-xo-97-v31-fixations.html,,,0,0,0,0,0,[]
141,https://freeglisse.com/fr/ski-occasion-freeride/18391-ski-occasion-rossignol-sky-7-hd-w-fixations.html,1/5,1.0,1,0,0,0,0,"[""Apr√®s r√©ception des skis, je trouve qu'ils sont tr√®s ab√Æm√©s pour une cat√©gorie A. Tr√®s d√©√ßu par rapport au prix""]"
142,https://freeglisse.com/fr/ski-occasion-freestyle/16913-ski-occasion-dynastar-menace-90-fixations.html,,,0,0,0,0,0,[]
143,https://freeglisse.com/fr/ski-occasion-freestyle/17545-ski-occasion-armada-el-rey-fixations.html,,,0,0,0,0,0,[]
144,https://freeglisse.com/fr/ski-occasion-freestyle/18501-ski-occasion-volkl-revolt-95-fixations.html,,,0,0,0,0,0,[]
145,https://freeglisse.com/fr/ski-occasion-junior-loisir/12451-ski-occasion-junior-wedze-team-onebreaker-fixations.html,5/5,2.0,0,0,0,0,2,"['Top!', 'Parfait']"
146,https://freeglisse.com/fr/ski-occasion-junior-loisir/12454-ski-occasion-junior-dynastar-team-cham-fixations.html,5/5,2.0,0,0,0,0,2,"['Les skis correspondent √† la qualit√© annonc√©e par le site.', ""c'est ok""]"
147,https://freeglisse.com/fr/ski-occasion-junior-loisir/12455-ski-occasion-junior-wedze-team-onebreaker-fixations.html,4.3/5,3.0,0,0,0,2,1,"['Conforme au descriptif', 'conforme', 'Conforme a la desciption']"
148,https://freeglisse.com/fr/ski-occasion-junior-loisir/14146-ski-occasion-junior-roxy-girly-coeur-fixations.html,,,0,0,0,0,0,[]
149,https://freeglisse.com/fr/ski-occasion-junior-loisir/14272-ski-occasion-junior-head-xrc-50-fixations.html,,,0,0,0,0,0,[]
150,https://freeglisse.com/fr/ski-occasion-junior-loisir/16851-ski-occasion-junior-tecnopro-flyte-jr-fixations.html,,,0,0,0,0,0,[]
151,https://freeglisse.com/fr/ski-occasion-junior-loisir/17002-ski-occasion-junior-volkl-rtm-jr-fixations.html,,,0,0,0,0,0,[]
152,https://freeglisse.com/fr/ski-occasion-junior-loisir/18613-ski-occasion-junior-fischer-stunner-fixations.html,5/5,1.0,0,0,0,0,1,['Correspond aux attentes']
153,https://freeglisse.com/fr/ski-occasion-junior-performance/12473-ski-occasion-junior-volkl-racetiger-sl-fixations.html,,,0,0,0,0,0,[]
154,https://freeglisse.com/fr/ski-occasion-junior-performance/12493-ski-occasion-junior-head-supershape-era-20-fixations.html,4/5,2.0,0,0,0,2,0,"['Ski impeccable, semelle et cares parfaites. Fixations un peu us√©es au niveau des plastiques mais rapport qualit√©-prix excellent.', 'conforme au descriptif √† valider sur les pistes']"
155,https://freeglisse.com/fr/ski-occasion-junior-performance/12566-ski-occasion-junior-dynastar-team-course-wc-fixations.html,,,0,0,0,0,0,[]
156,https://freeglisse.com/fr/ski-occasion-junior-performance/14184-ski-occasion-junior-elan-race-rc-waveflex-fixations.html,5/5,2.0,0,0,0,0,2,"['Pas nouveau mais bonne condition.', 'pas encore essay√© - aspect visuel bon']"
157,https://freeglisse.com/fr/ski-occasion-junior-performance/14324-ski-occasion-junior-rossignol-hero-junior-pro-multi-event-fixations.html,5/5,1.0,0,0,0,0,1,['conforme description']
158,https://freeglisse.com/fr/ski-occasion-junior-performance/14557-ski-occasion-junior-dynastar-team-course-wc-fixations.html,1.5/5,2.0,1,1,0,0,0,"['Correctement class√© C car le Mat√©riel est en bon √©tat mais a beaucoup de rayures', 'Les fixations bougent et ne semble pas pouvoir se resserrer. Les ski ne seront pas utilisables je pense.']"
159,https://freeglisse.com/fr/ski-occasion-junior-performance/16441-ski-occasion-junior-head-team-supershape-era-20-fixations.html,,,0,0,0,0,0,[]
160,https://freeglisse.com/fr/ski-occasion-junior-performance/18213-ski-occasion-junior-blizzard-racing-gs-fixations.html,,,0,0,0,0,0,[]
161,https://freeglisse.com/fr/ski-occasion-junior-performance/18266-ski-occasion-junior-fischer-rc4-worldcup-gs-fixations.html,,,0,0,0,0,0,[]
162,https://freeglisse.com/fr/ski-occasion-junior-performance/18309-ski-occasion-junior-volkl-racetiger-gs-fixations.html,,,0,0,0,0,0,[]
163,https://freeglisse.com/fr/ski-de-rando-occasion-et-fin-de-serie/18871-ski-occasion-rando-pack-dynastar-cham-alti-85-fixation-look-hm-12.html,,,0,0,0,0,0,[]
164,https://freeglisse.com/fr/ski-de-fond-occasion-alternatif-norme-sns/17488-ski-de-fond-occasion-junior-salomon-skin-race-fixation-sns-access.html,,,0,0,0,0,0,[]
165,https://freeglisse.com/fr/ski-occasion-adulte-all-mountain/16862-ski-occasion-lacroix-lx-gravity-fixations.html,,,0,0,0,0,0,[]
166,https://freeglisse.com/fr/ski-occasion-adulte-performance/16493-ski-occasion-rossignol-react-8-fixations.html,4/5,1.0,0,0,0,1,0,['Correct']
167,https://freeglisse.com/fr/ski-occasion-junior-loisir/11458-ski-occasion-junior-rossignol-radical-j-fixations.html,4.3/5,4.0,0,1,0,0,3,"['Ensemble raisonnable', 'Ski en tr√®s bon √©tat, juste des rayures sur fixations en grade A', 'Semelle et carres en bon √©tat.\r\nFixations desserr√©es... car filetage d√©truit dans le ski...', 'Los esqu√≠s llegaron encerados y su estado es el normal despues del uso que han tenido']"
168,https://freeglisse.com/fr/ski-occasion-junior-loisir/14128-ski-occasion-junior-k2-rosace-fixations.html,5/5,1.0,0,0,0,0,1,['Tr√®s bien.']
